sample_id,batch_id,furnace_temp_c,injection_pressure_mpa,spindle_speed_rpm,feed_rate_mm_s,vibration_amplitude_g,tool_wear_min,coolant_flow_l_min,ambient_humidity_pct,image_filename,defect_label,defect_name
MFG-1218,BATCH-025,813.43,120.63,3234.8,45.37,2.184,117.9,16.53,57.33,MFG-1218.png,0,Normal
MFG-0387,BATCH-008,790.41,125.77,3021.4,46.19,1.749,187.91,14.76,44.23,MFG-0387.png,0,Normal
MFG-0501,BATCH-011,829.37,132.74,3068.2,45.75,1.8,22.15,17.88,49.41,MFG-0501.png,0,Normal
MFG-1454,BATCH-030,813.61,109.44,3112.7,47.67,1.826,5.0,16.01,54.32,MFG-1454.png,0,Normal
MFG-0999,BATCH-020,811.07,120.39,2882.1,46.66,1.702,18.45,14.6,53.5,MFG-0999.png,0,Normal
MFG-0026,BATCH-001,806.04,101.35,2995.7,45.08,1.763,32.01,15.81,49.31,MFG-0026.png,0,Normal
MFG-0143,BATCH-003,788.85,119.23,3230.1,41.09,2.099,85.06,13.96,47.02,MFG-0143.png,0,Normal
MFG-0890,BATCH-018,818.37,114.53,3035.9,43.49,1.842,186.97,15.02,50.68,MFG-0890.png,0,Normal
MFG-0888,BATCH-018,826.91,125.18,3173.1,39.87,1.443,189.13,15.44,52.18,MFG-0888.png,0,Normal
MFG-0453,BATCH-010,802.28,120.44,3044.3,47.69,1.709,5.0,15.53,56.78,MFG-0453.png,0,Normal
MFG-0350,BATCH-007,852.29,124.2,3221.2,44.05,1.354,173.1,15.12,44.06,MFG-0350.png,2,Micro Void
MFG-0168,BATCH-004,842.36,112.84,3174.5,43.21,1.464,97.31,17.7,43.17,MFG-0168.png,0,Normal
MFG-0400,BATCH-008,811.06,129.08,3185.1,40.2,1.624,195.73,15.89,48.72,MFG-0400.png,3,Tool Scuffing
MFG-0452,BATCH-010,832.32,123.24,3089.2,49.7,2.005,5.0,15.47,49.12,MFG-0452.png,0,Normal
MFG-0080,BATCH-002,842.75,128.68,3340.0,44.11,1.457,59.75,17.67,52.58,MFG-0080.png,0,Normal
MFG-0500,BATCH-010,830.0,126.44,3013.3,41.74,1.62,15.97,13.3,49.75,MFG-0500.png,0,Normal
MFG-1174,BATCH-024,830.3,107.07,3053.6,42.65,1.723,96.16,15.66,45.69,MFG-1174.png,0,Normal
MFG-1487,BATCH-030,802.99,108.31,3246.8,47.34,1.496,13.26,17.76,42.18,MFG-1487.png,0,Normal
MFG-0869,BATCH-018,802.01,126.37,3157.2,44.6,1.419,183.17,16.11,48.08,MFG-0869.png,0,Normal
MFG-1190,BATCH-024,878.09,118.49,3191.4,41.34,1.838,103.0,16.79,52.21,MFG-1190.png,2,Micro Void
MFG-0010,BATCH-001,856.04,124.8,3010.5,47.0,1.665,24.39,18.92,49.34,MFG-0010.png,2,Micro Void
MFG-1281,BATCH-026,812.51,131.27,3082.3,51.16,1.47,142.38,12.59,57.14,MFG-1281.png,0,Normal
MFG-0396,BATCH-008,791.49,115.21,3223.3,41.34,1.807,192.59,13.29,45.88,MFG-0396.png,0,Normal
MFG-0694,BATCH-014,824.15,107.56,3102.7,47.81,2.01,105.14,13.75,48.23,MFG-0694.png,0,Normal
MFG-1032,BATCH-021,835.77,116.67,3053.7,43.18,2.05,33.16,16.78,55.16,MFG-1032.png,0,Normal
MFG-0457,BATCH-010,843.06,121.23,3339.5,40.08,1.466,5.0,14.18,52.05,MFG-0457.png,0,Normal
MFG-1200,BATCH-024,802.44,114.99,3242.3,45.83,1.752,107.08,14.13,54.8,MFG-1200.png,0,Normal
MFG-0816,BATCH-017,831.46,121.2,3020.1,44.67,1.869,162.6,16.01,51.98,MFG-0816.png,0,Normal
MFG-0534,BATCH-011,842.13,127.33,3082.6,45.09,1.57,33.7,15.18,47.38,MFG-0534.png,0,Normal
MFG-0785,BATCH-016,812.83,123.19,3242.3,39.32,1.459,141.55,13.62,40.09,MFG-0785.png,0,Normal
MFG-0330,BATCH-007,827.19,117.04,3179.6,45.76,1.957,166.49,14.29,55.18,MFG-0330.png,0,Normal
MFG-1276,BATCH-026,790.16,118.35,3165.3,50.16,1.831,142.66,15.85,50.31,MFG-1276.png,0,Normal
MFG-0078,BATCH-002,814.46,123.72,3032.9,43.53,2.153,53.75,16.74,48.89,MFG-0078.png,0,Normal
MFG-0047,BATCH-001,816.76,129.85,3250.2,42.0,2.027,39.4,14.39,48.57,MFG-0047.png,0,Normal
MFG-0994,BATCH-020,822.97,126.82,3054.9,51.32,1.945,15.39,16.21,54.84,MFG-0994.png,0,Normal
MFG-0369,BATCH-008,850.69,121.47,3103.3,48.58,1.616,184.23,14.6,53.99,MFG-0369.png,1,Surface Crack
MFG-1312,BATCH-027,812.07,113.05,2962.2,39.39,1.734,155.9,15.22,47.28,MFG-1312.png,0,Normal
MFG-1493,BATCH-030,825.73,125.77,3336.7,37.29,1.581,14.97,14.72,55.77,MFG-1493.png,0,Normal
MFG-0773,BATCH-016,825.13,116.82,3198.5,53.66,1.772,144.59,15.32,49.74,MFG-0773.png,0,Normal
MFG-0988,BATCH-020,816.96,118.61,3325.2,45.35,2.03,15.63,16.21,58.66,MFG-0988.png,0,Normal
MFG-0657,BATCH-014,866.2,131.1,3058.4,45.31,1.005,90.69,15.34,49.28,MFG-0657.png,2,Micro Void
MFG-0377,BATCH-008,813.8,112.84,3040.9,45.9,1.429,186.61,14.56,36.98,MFG-0377.png,0,Normal
MFG-1095,BATCH-022,834.55,133.16,3192.0,48.01,1.921,61.25,14.13,54.46,MFG-1095.png,0,Normal
MFG-0755,BATCH-016,797.97,124.88,3208.6,39.88,1.983,129.04,15.21,50.93,MFG-0755.png,0,Normal
MFG-0658,BATCH-014,811.87,139.2,2948.9,44.64,1.759,88.86,15.39,50.78,MFG-0658.png,0,Normal
MFG-0962,BATCH-020,817.8,125.96,3123.2,46.74,1.913,5.0,16.14,34.66,MFG-0962.png,0,Normal
MFG-0732,BATCH-015,834.12,118.18,3062.5,39.78,1.726,123.9,12.09,44.57,MFG-0732.png,0,Normal
MFG-0795,BATCH-016,817.03,139.01,3179.3,42.89,1.946,146.96,16.0,51.92,MFG-0795.png,0,Normal
MFG-1223,BATCH-025,803.69,107.11,3059.5,41.92,2.759,118.86,15.16,44.67,MFG-1223.png,0,Normal
MFG-1136,BATCH-023,849.01,116.16,3275.3,43.08,1.578,81.63,15.68,47.52,MFG-1136.png,0,Normal
MFG-1172,BATCH-024,786.04,120.3,3098.4,46.16,1.903,97.64,14.62,48.5,MFG-1172.png,0,Normal
MFG-0365,BATCH-008,809.53,125.54,3253.0,43.49,1.43,178.0,14.69,47.68,MFG-0365.png,0,Normal
MFG-0069,BATCH-002,840.69,119.52,3174.4,42.29,2.014,48.25,14.49,50.56,MFG-0069.png,0,Normal
MFG-1002,BATCH-021,830.61,134.62,2976.2,42.21,1.896,22.94,13.92,51.56,MFG-1002.png,0,Normal
MFG-0075,BATCH-002,804.51,108.53,2984.3,42.39,1.821,53.49,13.05,50.87,MFG-0075.png,0,Normal
MFG-0262,BATCH-006,845.38,121.41,3049.9,43.72,1.663,135.79,15.72,52.95,MFG-0262.png,0,Normal
MFG-0381,BATCH-008,830.61,126.41,3265.3,43.01,1.978,184.48,15.75,41.47,MFG-0381.png,0,Normal
MFG-0009,BATCH-001,856.26,138.95,2975.6,40.48,2.118,24.16,16.41,48.01,MFG-0009.png,2,Micro Void
MFG-0192,BATCH-004,813.39,128.75,3236.5,47.47,1.304,98.95,14.94,45.88,MFG-0192.png,0,Normal
MFG-1397,BATCH-028,787.09,112.87,3091.1,50.26,2.349,197.45,15.28,47.38,MFG-1397.png,1,Surface Crack
MFG-0655,BATCH-014,809.37,134.49,3263.8,41.27,1.037,89.96,16.63,51.59,MFG-0655.png,0,Normal
MFG-1042,BATCH-021,819.92,138.61,3126.9,50.08,1.924,36.84,14.99,49.11,MFG-1042.png,0,Normal
MFG-0149,BATCH-003,821.79,134.62,2952.7,45.04,1.565,85.45,16.54,52.68,MFG-0149.png,0,Normal
MFG-0809,BATCH-017,832.44,112.93,3133.9,44.64,1.623,158.17,13.72,48.34,MFG-0809.png,0,Normal
MFG-0205,BATCH-005,853.87,124.06,3033.7,45.6,1.865,107.69,13.03,46.53,MFG-0205.png,2,Micro Void
MFG-1455,BATCH-030,835.59,144.04,3332.2,42.27,2.048,5.0,14.96,51.21,MFG-1455.png,2,Micro Void
MFG-1111,BATCH-023,825.97,121.9,3071.0,45.87,1.852,69.1,16.66,40.06,MFG-1111.png,0,Normal
MFG-0648,BATCH-013,795.41,114.33,2832.1,34.28,1.573,82.15,13.62,50.28,MFG-0648.png,0,Normal
MFG-0090,BATCH-002,802.11,118.65,3266.2,46.32,2.12,62.17,17.2,43.45,MFG-0090.png,0,Normal
MFG-0866,BATCH-018,817.37,111.87,3156.5,40.38,1.54,181.2,13.79,50.27,MFG-0866.png,0,Normal
MFG-1092,BATCH-022,811.12,122.01,3123.9,35.37,1.46,61.85,15.91,46.09,MFG-1092.png,0,Normal
MFG-1026,BATCH-021,839.58,112.05,3254.3,45.85,1.965,34.41,14.01,47.5,MFG-1026.png,0,Normal
MFG-0216,BATCH-005,794.57,113.33,3210.1,47.77,1.988,119.47,15.14,53.17,MFG-0216.png,0,Normal
MFG-1342,BATCH-027,820.68,118.44,3168.9,44.71,1.363,172.63,12.37,42.55,MFG-1342.png,0,Normal
MFG-1376,BATCH-028,812.21,127.53,3072.6,39.11,1.874,185.07,18.34,56.18,MFG-1376.png,0,Normal
MFG-1441,BATCH-029,814.59,119.9,2884.1,42.95,1.86,214.29,14.42,42.41,MFG-1441.png,3,Tool Scuffing
MFG-0883,BATCH-018,834.94,115.26,3426.8,45.56,1.523,186.82,15.31,43.71,MFG-0883.png,3,Tool Scuffing
MFG-0326,BATCH-007,791.78,131.14,3028.2,41.48,2.091,163.42,16.71,40.67,MFG-0326.png,0,Normal
MFG-0438,BATCH-009,820.92,132.39,3095.4,46.86,1.633,212.43,16.14,52.78,MFG-0438.png,3,Tool Scuffing
MFG-0374,BATCH-008,817.83,118.78,3253.4,45.57,2.333,188.0,15.01,49.07,MFG-0374.png,1,Surface Crack
MFG-0529,BATCH-011,815.68,133.37,3156.8,47.32,1.722,33.15,16.54,47.04,MFG-0529.png,0,Normal
MFG-1393,BATCH-028,843.56,128.17,3218.0,45.43,1.636,190.48,14.46,46.47,MFG-1393.png,3,Tool Scuffing
MFG-0271,BATCH-006,811.82,137.2,3213.3,49.33,1.736,138.78,17.13,49.94,MFG-0271.png,0,Normal
MFG-0375,BATCH-008,792.76,128.76,3252.6,43.51,2.284,187.93,16.28,51.77,MFG-0375.png,0,Normal
MFG-0234,BATCH-005,799.25,123.77,3327.4,46.41,1.962,124.02,15.96,54.48,MFG-0234.png,0,Normal
MFG-1391,BATCH-028,851.48,117.35,2892.8,38.41,1.837,195.92,14.83,46.41,MFG-1391.png,3,Tool Scuffing
MFG-0837,BATCH-017,809.81,112.31,3245.7,46.03,1.87,173.47,14.5,51.86,MFG-0837.png,0,Normal
MFG-0712,BATCH-015,808.96,115.7,3052.2,51.33,1.558,112.93,16.0,50.3,MFG-0712.png,0,Normal
MFG-0265,BATCH-006,815.14,121.2,2966.5,46.39,1.758,135.77,15.55,42.26,MFG-0265.png,0,Normal
MFG-0261,BATCH-006,797.03,118.4,3218.4,42.26,1.387,134.86,16.35,41.9,MFG-0261.png,0,Normal
MFG-0145,BATCH-003,825.14,106.38,3166.4,46.98,1.531,83.31,16.19,51.37,MFG-0145.png,0,Normal
MFG-0607,BATCH-013,807.44,144.73,3082.5,50.11,1.57,68.21,14.93,57.14,MFG-0607.png,2,Micro Void
MFG-1070,BATCH-022,803.0,137.3,3228.8,41.88,1.4,52.59,15.55,59.99,MFG-1070.png,0,Normal
MFG-1396,BATCH-028,809.68,129.26,3055.5,45.16,2.039,192.03,15.32,51.37,MFG-1396.png,0,Normal
MFG-0389,BATCH-008,804.08,129.97,3095.6,46.83,1.952,192.39,14.49,41.28,MFG-0389.png,3,Tool Scuffing
MFG-0179,BATCH-004,809.82,118.21,3014.6,40.13,2.146,98.77,15.39,45.25,MFG-0179.png,0,Normal
MFG-1351,BATCH-028,813.26,108.49,3208.4,55.28,1.988,176.65,15.86,50.48,MFG-1351.png,1,Surface Crack
MFG-0826,BATCH-017,819.69,106.08,3172.5,37.81,1.685,166.32,14.74,50.6,MFG-0826.png,0,Normal
MFG-0642,BATCH-013,794.33,109.59,3125.5,45.97,1.53,83.02,13.93,47.19,MFG-0642.png,0,Normal
MFG-1467,BATCH-030,803.16,127.42,3182.5,44.96,1.941,5.0,12.09,47.82,MFG-1467.png,0,Normal
MFG-1198,BATCH-024,823.04,133.91,3104.3,40.0,1.798,106.95,17.73,39.73,MFG-1198.png,0,Normal
MFG-0223,BATCH-005,829.09,128.53,3190.6,50.92,2.149,117.84,16.46,53.46,MFG-0223.png,0,Normal
MFG-0916,BATCH-019,830.27,109.94,3069.2,45.17,1.974,202.18,14.78,53.08,MFG-0916.png,3,Tool Scuffing
MFG-0913,BATCH-019,833.34,127.83,3263.3,41.12,1.917,203.77,16.11,50.97,MFG-0913.png,3,Tool Scuffing
MFG-0645,BATCH-013,847.56,118.82,2935.6,37.06,1.682,84.06,17.77,58.47,MFG-0645.png,0,Normal
MFG-0701,BATCH-015,836.33,119.67,3184.1,43.62,1.867,110.27,16.17,47.89,MFG-0701.png,0,Normal
MFG-0286,BATCH-006,835.5,121.31,3158.4,36.84,1.398,144.2,13.59,44.26,MFG-0286.png,0,Normal
MFG-1261,BATCH-026,842.95,112.61,3361.5,41.52,1.875,133.79,17.37,46.56,MFG-1261.png,0,Normal
MFG-0222,BATCH-005,809.11,126.84,3257.9,47.08,2.12,119.88,18.42,58.18,MFG-0222.png,0,Normal
MFG-0313,BATCH-007,789.47,124.69,3336.3,44.74,1.412,154.48,14.88,54.16,MFG-0313.png,0,Normal
MFG-1057,BATCH-022,807.34,117.27,3199.7,43.22,1.886,47.8,14.17,43.96,MFG-1057.png,0,Normal
MFG-0117,BATCH-003,817.14,134.3,2940.6,46.98,1.805,73.76,17.32,56.68,MFG-0117.png,0,Normal
MFG-1094,BATCH-022,801.31,125.84,3408.2,42.78,1.954,59.39,15.62,48.24,MFG-1094.png,0,Normal
MFG-1475,BATCH-030,772.24,117.29,3106.8,42.82,1.839,8.9,15.05,43.82,MFG-1475.png,0,Normal
MFG-0273,BATCH-006,807.34,117.56,3265.5,48.13,2.151,142.65,15.96,49.69,MFG-0273.png,0,Normal
MFG-0733,BATCH-015,805.45,132.35,3320.3,39.44,1.832,117.61,18.57,53.01,MFG-0733.png,0,Normal
MFG-0437,BATCH-009,833.24,118.43,3225.3,40.45,1.438,211.96,12.69,42.82,MFG-0437.png,3,Tool Scuffing
MFG-0479,BATCH-010,839.34,113.41,3126.4,42.33,2.009,9.98,14.14,42.29,MFG-0479.png,0,Normal
MFG-0723,BATCH-015,790.43,118.8,3356.2,45.59,1.63,117.22,16.89,55.45,MFG-0723.png,0,Normal
MFG-1020,BATCH-021,827.23,125.13,3147.0,37.48,1.868,29.3,14.5,42.95,MFG-1020.png,0,Normal
MFG-1252,BATCH-026,831.18,115.8,3208.1,41.98,1.658,131.2,17.76,39.49,MFG-1252.png,0,Normal
MFG-0659,BATCH-014,818.46,124.95,2956.4,47.89,2.364,88.68,15.58,49.53,MFG-0659.png,0,Normal
MFG-0538,BATCH-011,829.75,121.57,3042.2,44.22,1.584,38.09,13.31,42.75,MFG-0538.png,0,Normal
MFG-1161,BATCH-024,821.36,129.54,3152.9,43.33,1.759,89.78,13.75,49.77,MFG-1161.png,0,Normal
MFG-0892,BATCH-018,847.72,124.51,3161.1,37.37,2.113,190.08,14.58,49.7,MFG-0892.png,3,Tool Scuffing
MFG-0577,BATCH-012,812.72,122.05,3172.4,41.47,1.678,54.34,14.65,60.0,MFG-0577.png,0,Normal
MFG-1432,BATCH-029,830.63,121.55,3178.1,42.41,1.524,212.71,18.48,52.32,MFG-1432.png,3,Tool Scuffing
MFG-0299,BATCH-006,827.64,124.62,3105.1,41.64,2.017,149.76,15.37,42.89,MFG-0299.png,0,Normal
MFG-0521,BATCH-011,805.18,123.55,3456.7,48.12,1.633,26.18,15.43,52.11,MFG-0521.png,3,Tool Scuffing
MFG-0617,BATCH-013,815.09,111.9,3197.6,43.46,1.581,74.0,17.22,41.25,MFG-0617.png,0,Normal
MFG-1112,BATCH-023,784.17,114.97,3176.7,50.3,1.67,74.62,15.05,47.73,MFG-1112.png,0,Normal
MFG-0997,BATCH-020,797.48,126.66,3160.4,37.73,1.816,14.38,15.56,55.73,MFG-0997.png,0,Normal
MFG-1199,BATCH-024,797.42,110.71,3119.8,38.48,1.436,110.25,16.36,54.23,MFG-1199.png,0,Normal
MFG-0322,BATCH-007,833.47,109.8,3164.5,50.11,1.487,157.49,16.86,46.61,MFG-0322.png,0,Normal
MFG-1149,BATCH-023,822.67,141.06,3199.5,44.06,1.849,90.42,18.13,44.96,MFG-1149.png,0,Normal
MFG-0817,BATCH-017,775.24,128.26,3214.8,36.82,1.59,160.29,15.01,44.67,MFG-0817.png,0,Normal
MFG-0833,BATCH-017,814.71,114.1,3015.9,38.81,1.578,170.39,13.17,49.83,MFG-0833.png,0,Normal
MFG-0141,BATCH-003,798.21,150.05,3239.5,38.35,1.541,83.19,14.98,47.04,MFG-0141.png,2,Micro Void
MFG-0914,BATCH-019,814.66,116.0,3318.7,42.97,1.354,204.26,17.58,51.76,MFG-0914.png,3,Tool Scuffing
MFG-1122,BATCH-023,820.25,126.15,3203.5,41.25,1.027,78.4,16.02,47.05,MFG-1122.png,0,Normal
MFG-0846,BATCH-017,823.79,126.51,3020.8,38.06,2.062,173.5,14.52,49.81,MFG-0846.png,0,Normal
MFG-0650,BATCH-013,833.62,121.76,3148.2,43.98,1.59,87.49,17.2,43.74,MFG-0650.png,0,Normal
MFG-0318,BATCH-007,838.47,131.5,3060.7,49.42,2.363,160.55,16.0,45.07,MFG-0318.png,0,Normal
MFG-1182,BATCH-024,819.47,113.02,3098.4,49.39,1.437,102.98,15.75,43.82,MFG-1182.png,0,Normal
MFG-0920,BATCH-019,834.43,127.05,3010.3,44.65,1.696,206.75,16.51,52.29,MFG-0920.png,3,Tool Scuffing
MFG-0152,BATCH-004,818.69,136.77,3103.4,44.68,2.607,87.44,16.13,44.32,MFG-0152.png,0,Normal
MFG-1231,BATCH-025,831.38,139.27,3231.8,39.24,1.812,120.35,15.35,53.79,MFG-1231.png,0,Normal
MFG-0354,BATCH-008,795.34,104.27,3047.3,45.14,2.002,175.68,14.42,61.42,MFG-0354.png,0,Normal
MFG-0963,BATCH-020,808.17,114.83,3231.3,46.03,1.69,5.14,15.31,48.57,MFG-0963.png,0,Normal
MFG-1465,BATCH-030,806.42,126.76,2991.5,40.06,2.084,5.0,13.18,47.22,MFG-1465.png,0,Normal
MFG-0076,BATCH-002,822.43,126.27,3168.6,34.98,1.245,53.35,17.42,50.67,MFG-0076.png,0,Normal
MFG-1384,BATCH-028,785.44,126.93,3206.9,38.04,1.595,190.57,12.93,44.97,MFG-1384.png,0,Normal
MFG-0685,BATCH-014,795.22,132.6,3401.1,45.62,2.246,101.86,14.6,50.63,MFG-0685.png,0,Normal
MFG-1234,BATCH-025,834.31,125.61,3094.2,42.04,1.591,120.51,17.42,49.21,MFG-1234.png,0,Normal
MFG-0564,BATCH-012,837.57,108.81,3171.8,42.39,1.973,48.83,15.89,49.88,MFG-0564.png,0,Normal
MFG-1191,BATCH-024,854.73,134.38,3168.7,45.4,1.826,107.12,12.83,46.03,MFG-1191.png,2,Micro Void
MFG-0628,BATCH-013,806.95,127.79,3011.8,44.23,1.54,77.09,14.48,56.53,MFG-0628.png,0,Normal
MFG-0912,BATCH-019,812.07,119.89,3181.3,41.29,1.648,202.33,15.07,52.17,MFG-0912.png,3,Tool Scuffing
MFG-1427,BATCH-029,815.13,125.84,2895.1,43.64,1.709,207.15,14.23,47.15,MFG-1427.png,3,Tool Scuffing
MFG-0738,BATCH-015,830.58,125.18,3191.0,42.77,1.885,123.21,15.17,45.25,MFG-0738.png,0,Normal
MFG-0004,BATCH-001,833.91,120.03,3206.6,47.37,1.581,22.51,16.13,40.95,MFG-0004.png,0,Normal
MFG-1265,BATCH-026,832.36,131.66,3077.2,47.26,1.223,136.9,12.72,40.76,MFG-1265.png,0,Normal
MFG-0952,BATCH-020,811.33,116.69,3127.7,40.89,1.75,5.0,14.62,57.2,MFG-0952.png,0,Normal
MFG-1382,BATCH-028,824.79,113.3,3061.0,46.29,2.082,187.42,14.13,43.77,MFG-1382.png,0,Normal
MFG-0680,BATCH-014,814.97,125.4,3296.9,46.63,2.006,99.06,16.89,47.24,MFG-0680.png,0,Normal
MFG-0208,BATCH-005,819.83,115.99,2797.9,40.25,2.041,113.16,16.87,50.02,MFG-0208.png,0,Normal
MFG-0810,BATCH-017,855.43,122.34,3146.1,45.45,1.921,158.42,15.63,47.29,MFG-0810.png,2,Micro Void
MFG-0098,BATCH-002,812.71,128.93,3156.1,47.66,1.495,62.43,16.63,45.11,MFG-0098.png,0,Normal
MFG-0691,BATCH-014,806.09,133.6,3070.1,44.76,1.37,101.95,18.29,50.97,MFG-0691.png,0,Normal
MFG-1023,BATCH-021,781.36,119.7,3181.6,48.51,2.218,30.58,16.93,55.03,MFG-1023.png,0,Normal
MFG-0930,BATCH-019,810.76,122.03,3116.7,39.74,1.642,211.18,16.13,49.56,MFG-0930.png,3,Tool Scuffing
MFG-1267,BATCH-026,803.77,120.62,3117.4,39.79,2.33,136.74,13.24,48.07,MFG-1267.png,0,Normal
MFG-0512,BATCH-011,814.58,124.54,3015.3,37.51,1.624,23.27,16.43,54.95,MFG-0512.png,0,Normal
MFG-0185,BATCH-004,803.33,128.71,3201.5,42.98,1.444,100.97,15.59,51.55,MFG-0185.png,0,Normal
MFG-0509,BATCH-011,805.09,130.32,3264.5,45.36,1.745,23.6,16.57,57.17,MFG-0509.png,0,Normal
MFG-1061,BATCH-022,829.48,125.78,2988.2,45.99,1.391,48.42,14.16,49.14,MFG-1061.png,0,Normal
MFG-0800,BATCH-016,779.92,141.8,3199.4,48.35,1.722,153.48,16.39,49.87,MFG-0800.png,2,Micro Void
MFG-1365,BATCH-028,827.44,119.64,3103.2,43.0,1.924,181.08,14.65,39.34,MFG-1365.png,0,Normal
MFG-0294,BATCH-006,799.2,122.03,3172.3,45.0,1.94,151.89,15.54,47.93,MFG-0294.png,0,Normal
MFG-0865,BATCH-018,807.33,113.13,3214.4,52.33,2.014,178.37,17.29,56.23,MFG-0865.png,1,Surface Crack
MFG-0856,BATCH-018,798.25,129.04,3263.2,39.81,1.322,177.63,13.04,44.11,MFG-0856.png,0,Normal
MFG-0689,BATCH-014,814.67,115.14,3301.7,44.83,1.483,100.88,16.87,48.74,MFG-0689.png,0,Normal
MFG-1239,BATCH-025,820.5,114.93,3214.0,44.71,1.545,127.27,15.21,47.09,MFG-1239.png,0,Normal
MFG-0618,BATCH-013,810.89,120.71,3093.7,41.89,1.771,73.38,16.48,51.15,MFG-0618.png,0,Normal
MFG-1175,BATCH-024,815.26,110.34,3093.6,47.8,2.024,97.6,15.56,47.52,MFG-1175.png,0,Normal
MFG-1225,BATCH-025,814.11,107.57,3097.8,46.97,1.801,117.45,15.45,58.31,MFG-1225.png,0,Normal
MFG-0893,BATCH-018,814.28,120.0,3108.3,43.55,2.002,189.32,15.92,44.27,MFG-0893.png,3,Tool Scuffing
MFG-0880,BATCH-018,814.33,135.87,3239.3,45.0,1.541,190.26,16.92,52.78,MFG-0880.png,0,Normal
MFG-0711,BATCH-015,806.71,110.09,3389.1,48.78,1.877,115.96,13.94,49.7,MFG-0711.png,0,Normal
MFG-1143,BATCH-023,822.29,129.02,3171.3,42.48,2.107,80.53,16.98,49.16,MFG-1143.png,0,Normal
MFG-0126,BATCH-003,829.82,126.5,3248.9,44.11,1.913,75.42,14.99,57.88,MFG-0126.png,0,Normal
MFG-0761,BATCH-016,856.64,130.73,3038.2,43.58,2.016,135.61,14.48,48.5,MFG-0761.png,2,Micro Void
MFG-0107,BATCH-003,820.09,122.14,3151.2,48.26,1.197,68.74,15.76,50.09,MFG-0107.png,0,Normal
MFG-0406,BATCH-009,800.62,136.98,3333.4,43.73,1.928,200.5,15.13,46.34,MFG-0406.png,3,Tool Scuffing
MFG-0096,BATCH-002,806.87,111.63,3351.4,45.92,1.594,64.27,16.43,49.82,MFG-0096.png,0,Normal
MFG-1452,BATCH-030,822.79,127.51,3215.8,52.61,1.473,5.0,16.26,49.15,MFG-1452.png,0,Normal
MFG-1230,BATCH-025,816.82,123.5,3138.8,45.18,2.075,119.96,17.03,42.59,MFG-1230.png,0,Normal
MFG-0393,BATCH-008,811.37,118.12,3127.1,41.38,1.828,192.59,18.14,46.57,MFG-0393.png,0,Normal
MFG-1389,BATCH-028,828.1,120.95,3383.4,50.54,1.581,190.65,13.95,45.37,MFG-1389.png,1,Surface Crack
MFG-0900,BATCH-018,832.68,138.07,3503.6,37.61,1.461,193.75,16.03,41.2,MFG-0900.png,3,Tool Scuffing
MFG-0379,BATCH-008,828.23,119.49,3058.2,41.34,1.394,190.9,15.2,51.5,MFG-0379.png,0,Normal
MFG-0133,BATCH-003,784.82,117.14,3157.8,41.59,1.411,78.45,18.32,45.84,MFG-0133.png,0,Normal
MFG-0279,BATCH-006,821.21,126.63,3127.4,43.88,1.671,145.29,14.19,45.76,MFG-0279.png,0,Normal
MFG-0496,BATCH-010,822.77,122.44,3312.4,44.07,1.967,16.53,15.67,49.75,MFG-0496.png,0,Normal
MFG-0834,BATCH-017,854.63,126.45,3161.5,40.81,1.576,166.05,16.88,47.41,MFG-0834.png,2,Micro Void
MFG-0853,BATCH-018,817.18,125.6,3328.8,43.62,1.607,174.91,17.23,43.97,MFG-0853.png,0,Normal
MFG-1180,BATCH-024,826.86,119.96,3047.6,40.83,1.793,101.75,13.63,47.94,MFG-1180.png,0,Normal
MFG-0184,BATCH-004,802.09,118.83,3252.6,43.51,1.351,101.35,17.88,42.74,MFG-0184.png,0,Normal
MFG-0747,BATCH-015,809.66,103.93,3010.0,40.1,1.348,128.88,14.77,49.65,MFG-0747.png,0,Normal
MFG-0831,BATCH-017,844.72,120.39,3338.9,41.31,1.911,165.07,13.75,55.64,MFG-0831.png,0,Normal
MFG-0324,BATCH-007,829.64,115.55,3039.4,45.8,1.279,163.17,14.51,43.42,MFG-0324.png,0,Normal
MFG-0371,BATCH-008,812.95,124.39,3267.6,46.19,1.959,182.47,14.03,49.54,MFG-0371.png,0,Normal
MFG-1090,BATCH-022,808.77,130.48,3056.7,44.42,1.736,57.37,14.62,49.61,MFG-1090.png,0,Normal
MFG-0428,BATCH-009,834.98,116.02,3263.4,42.49,2.208,206.47,12.89,50.74,MFG-0428.png,3,Tool Scuffing
MFG-1459,BATCH-030,851.66,117.39,2906.6,40.21,1.76,5.0,16.75,57.01,MFG-1459.png,0,Normal
MFG-0180,BATCH-004,815.05,107.21,3138.2,42.87,1.804,99.68,14.57,57.8,MFG-0180.png,0,Normal
MFG-1195,BATCH-024,824.23,114.65,3074.9,40.02,1.748,106.71,17.78,48.72,MFG-1195.png,0,Normal
MFG-0639,BATCH-013,815.22,118.29,3183.0,43.23,1.67,83.69,16.32,45.07,MFG-0639.png,0,Normal
MFG-0864,BATCH-018,850.85,132.21,3206.7,44.13,2.185,179.59,16.14,39.64,MFG-0864.png,0,Normal
MFG-0516,BATCH-011,816.97,120.98,3367.7,45.11,1.721,25.24,16.34,48.44,MFG-0516.png,0,Normal
MFG-1496,BATCH-030,791.28,130.38,3241.3,45.49,1.796,17.95,17.11,45.8,MFG-1496.png,0,Normal
MFG-1288,BATCH-026,825.19,127.65,3016.2,43.64,1.29,148.04,16.32,50.72,MFG-1288.png,0,Normal
MFG-0054,BATCH-002,818.53,147.35,3336.6,45.97,1.369,43.97,16.17,56.99,MFG-0054.png,2,Micro Void
MFG-0576,BATCH-012,837.31,126.81,3139.7,46.91,1.685,53.95,15.55,49.29,MFG-0576.png,0,Normal
MFG-0345,BATCH-007,833.25,104.96,3133.1,44.42,1.847,174.12,16.39,47.67,MFG-0345.png,0,Normal
MFG-0270,BATCH-006,805.19,125.05,3352.5,40.47,1.667,138.48,15.99,46.83,MFG-0270.png,0,Normal
MFG-0922,BATCH-019,843.93,124.14,3221.8,39.34,1.934,205.47,15.16,55.32,MFG-0922.png,3,Tool Scuffing
MFG-1117,BATCH-023,832.19,117.65,3333.2,47.5,1.621,71.69,12.57,46.71,MFG-1117.png,0,Normal
MFG-0754,BATCH-016,823.24,110.51,3142.2,42.61,1.799,133.76,14.74,50.32,MFG-0754.png,0,Normal
MFG-1411,BATCH-029,813.64,120.15,3089.0,42.64,2.17,198.1,16.22,49.11,MFG-1411.png,3,Tool Scuffing
MFG-0249,BATCH-005,808.18,127.38,3006.0,42.28,1.848,128.5,15.54,44.39,MFG-0249.png,0,Normal
MFG-0767,BATCH-016,790.15,126.03,3251.3,46.63,1.885,139.73,18.52,50.42,MFG-0767.png,0,Normal
MFG-0450,BATCH-009,828.38,107.04,3178.9,39.93,1.722,214.46,14.59,53.93,MFG-0450.png,3,Tool Scuffing
MFG-0664,BATCH-014,770.66,110.37,3150.5,49.34,1.969,90.65,14.96,48.82,MFG-0664.png,0,Normal
MFG-0072,BATCH-002,810.79,122.18,3117.9,45.8,1.444,53.18,16.85,48.99,MFG-0072.png,0,Normal
MFG-0284,BATCH-006,795.62,125.95,2975.8,45.43,1.574,144.68,16.22,57.78,MFG-0284.png,0,Normal
MFG-0924,BATCH-019,825.5,122.69,3569.0,46.58,1.841,205.34,16.95,42.32,MFG-0924.png,3,Tool Scuffing
MFG-1003,BATCH-021,849.87,121.12,3109.7,42.27,1.852,21.52,15.35,47.46,MFG-1003.png,0,Normal
MFG-1093,BATCH-022,802.58,117.79,3310.2,44.47,2.209,60.22,16.22,47.99,MFG-1093.png,0,Normal
MFG-0034,BATCH-001,838.07,118.11,3034.8,47.53,1.844,34.61,15.72,46.95,MFG-0034.png,0,Normal
MFG-1040,BATCH-021,865.02,132.45,3183.8,49.31,1.554,39.19,14.33,50.75,MFG-1040.png,2,Micro Void
MFG-0101,BATCH-003,814.33,115.27,3143.7,44.85,1.351,66.4,15.34,46.99,MFG-0101.png,0,Normal
MFG-0757,BATCH-016,841.28,116.08,2991.2,47.75,2.34,137.12,17.57,47.21,MFG-0757.png,0,Normal
MFG-0478,BATCH-010,841.3,111.87,3066.6,44.76,2.116,10.88,14.23,46.83,MFG-0478.png,0,Normal
MFG-0615,BATCH-013,814.54,109.87,3015.4,43.84,1.694,70.17,15.0,44.17,MFG-0615.png,0,Normal
MFG-1494,BATCH-030,833.09,124.1,3344.3,38.83,1.347,17.55,15.45,54.82,MFG-1494.png,0,Normal
MFG-0061,BATCH-002,809.26,112.86,3295.2,42.49,2.009,46.82,15.72,44.23,MFG-0061.png,0,Normal
MFG-0722,BATCH-015,835.05,115.72,3085.3,48.42,1.782,116.18,15.21,47.84,MFG-0722.png,0,Normal
MFG-1451,BATCH-030,833.07,121.75,3220.3,48.8,1.785,5.0,16.26,48.5,MFG-1451.png,0,Normal
MFG-0173,BATCH-004,828.04,119.36,3286.4,44.97,1.635,96.57,14.51,47.3,MFG-0173.png,0,Normal
MFG-1084,BATCH-022,841.48,133.13,2965.6,51.26,1.389,58.01,15.16,48.84,MFG-1084.png,0,Normal
MFG-0867,BATCH-018,829.45,125.14,3207.2,40.76,1.842,181.85,14.27,50.2,MFG-0867.png,0,Normal
MFG-0614,BATCH-013,823.63,141.5,3336.1,41.27,1.064,70.74,16.29,47.71,MFG-0614.png,0,Normal
MFG-0124,BATCH-003,801.54,124.7,3221.4,49.78,2.017,77.32,12.98,44.7,MFG-0124.png,0,Normal
MFG-0057,BATCH-002,815.17,131.17,3206.7,44.42,1.839,50.24,16.19,54.9,MFG-0057.png,0,Normal
MFG-1314,BATCH-027,827.28,118.68,3179.0,45.5,2.104,156.73,16.35,46.74,MFG-1314.png,0,Normal
MFG-0074,BATCH-002,818.5,132.04,3335.3,43.29,1.987,54.18,17.47,44.03,MFG-0074.png,0,Normal
MFG-0159,BATCH-004,818.53,147.82,3065.7,45.9,1.599,88.51,16.72,50.89,MFG-0159.png,2,Micro Void
MFG-0405,BATCH-009,809.67,108.78,2956.5,42.22,1.947,201.38,18.46,46.3,MFG-0405.png,3,Tool Scuffing
MFG-0461,BATCH-010,806.25,119.97,3009.9,44.98,1.956,5.0,13.4,50.6,MFG-0461.png,0,Normal
MFG-0977,BATCH-020,835.49,117.28,3251.9,44.68,1.329,6.52,12.88,42.07,MFG-0977.png,0,Normal
MFG-0422,BATCH-009,824.93,120.86,3078.6,38.1,1.678,206.54,16.98,39.59,MFG-0422.png,3,Tool Scuffing
MFG-0968,BATCH-020,801.27,126.13,3196.9,39.84,1.451,5.79,13.76,48.62,MFG-0968.png,0,Normal
MFG-0627,BATCH-013,824.15,128.53,3204.1,44.75,2.15,79.41,13.6,47.03,MFG-0627.png,0,Normal
MFG-0113,BATCH-003,813.73,122.79,3267.7,49.57,2.236,71.6,14.37,52.5,MFG-0113.png,0,Normal
MFG-1250,BATCH-025,808.04,120.6,3185.4,45.07,1.479,128.98,17.52,52.96,MFG-1250.png,0,Normal
MFG-1298,BATCH-026,804.18,116.88,3200.7,45.28,1.268,152.27,15.83,50.48,MFG-1298.png,0,Normal
MFG-1264,BATCH-026,803.72,129.38,3190.5,44.27,1.763,134.44,15.95,59.33,MFG-1264.png,0,Normal
MFG-0907,BATCH-019,810.76,111.19,3064.1,42.87,1.519,199.9,13.47,46.2,MFG-0907.png,3,Tool Scuffing
MFG-0678,BATCH-014,845.38,92.27,2946.6,41.49,1.605,97.98,16.56,43.29,MFG-0678.png,0,Normal
MFG-0776,BATCH-016,828.71,112.37,3218.1,35.7,2.48,141.96,13.82,49.95,MFG-0776.png,0,Normal
MFG-0868,BATCH-018,834.96,123.61,3293.3,38.62,2.349,185.41,14.72,46.87,MFG-0868.png,3,Tool Scuffing
MFG-0612,BATCH-013,802.63,114.56,3317.4,47.95,1.849,70.1,15.49,50.04,MFG-0612.png,0,Normal
MFG-0048,BATCH-001,830.86,118.13,2965.7,43.44,1.288,41.92,16.55,41.76,MFG-0048.png,0,Normal
MFG-0332,BATCH-007,821.34,127.6,3139.1,43.45,1.314,165.79,15.74,44.5,MFG-0332.png,0,Normal
MFG-0176,BATCH-004,811.7,127.71,3104.4,45.58,1.397,97.8,14.89,52.41,MFG-0176.png,0,Normal
MFG-0196,BATCH-004,835.09,124.63,3237.9,45.79,2.1,105.53,16.32,43.01,MFG-0196.png,0,Normal
MFG-0425,BATCH-009,779.87,126.02,3391.8,41.03,1.824,212.48,15.23,53.62,MFG-0425.png,3,Tool Scuffing
MFG-0451,BATCH-010,829.95,150.68,2893.8,44.8,1.968,5.0,15.36,47.58,MFG-0451.png,2,Micro Void
MFG-0305,BATCH-007,844.63,122.13,3189.7,42.9,1.61,152.16,16.89,46.4,MFG-0305.png,0,Normal
MFG-1128,BATCH-023,818.02,123.06,3206.8,42.8,1.634,76.86,15.54,51.06,MFG-1128.png,0,Normal
MFG-1301,BATCH-027,812.97,121.83,2869.3,47.06,1.195,160.57,15.56,50.98,MFG-1301.png,0,Normal
MFG-0899,BATCH-018,814.22,111.66,3384.9,42.25,1.711,196.08,15.48,46.73,MFG-0899.png,3,Tool Scuffing
MFG-0066,BATCH-002,800.82,111.13,3031.2,48.67,1.666,46.7,15.44,49.38,MFG-0066.png,0,Normal
MFG-0423,BATCH-009,834.59,109.94,3057.5,39.57,1.577,206.62,14.75,54.24,MFG-0423.png,3,Tool Scuffing
MFG-0524,BATCH-011,814.37,127.8,3082.5,43.38,2.143,29.67,15.46,49.97,MFG-0524.png,0,Normal
MFG-0351,BATCH-008,838.28,123.79,3075.5,40.72,1.654,176.58,14.92,42.4,MFG-0351.png,0,Normal
MFG-0481,BATCH-010,835.49,115.05,3034.9,43.88,2.237,13.2,15.81,43.63,MFG-0481.png,0,Normal
MFG-0490,BATCH-010,837.12,129.34,3322.9,42.28,1.664,14.36,12.8,48.51,MFG-0490.png,0,Normal
MFG-0211,BATCH-005,817.22,127.05,3111.1,45.41,2.043,115.78,16.47,48.93,MFG-0211.png,0,Normal
MFG-1258,BATCH-026,799.08,128.53,3113.7,37.2,1.719,132.42,16.29,46.12,MFG-1258.png,0,Normal
MFG-0832,BATCH-017,817.03,126.82,3011.9,42.9,1.29,167.16,14.17,52.76,MFG-0832.png,0,Normal
MFG-1244,BATCH-025,820.26,115.11,3255.2,46.28,2.225,123.36,16.29,47.29,MFG-1244.png,0,Normal
MFG-0783,BATCH-016,786.49,124.29,3185.4,39.67,1.558,144.63,13.77,45.16,MFG-0783.png,0,Normal
MFG-0207,BATCH-005,826.36,114.06,3369.9,42.33,2.348,112.39,17.31,52.69,MFG-0207.png,0,Normal
MFG-0898,BATCH-018,847.83,113.62,3135.5,41.2,2.025,196.51,16.12,47.51,MFG-0898.png,3,Tool Scuffing
MFG-0362,BATCH-008,804.63,131.83,3135.4,41.84,1.601,179.12,15.4,53.23,MFG-0362.png,0,Normal
MFG-1059,BATCH-022,797.94,112.89,3089.4,45.52,1.901,45.52,15.75,55.99,MFG-1059.png,0,Normal
MFG-0250,BATCH-005,838.47,115.47,2996.1,46.3,1.491,130.39,17.32,47.93,MFG-0250.png,0,Normal
MFG-0969,BATCH-020,821.11,113.07,3091.2,46.11,1.586,10.98,16.4,50.75,MFG-0969.png,0,Normal
MFG-0569,BATCH-012,831.32,127.21,3249.6,43.77,1.82,53.49,16.97,51.34,MFG-0569.png,0,Normal
MFG-0843,BATCH-017,810.02,116.38,3005.1,47.31,1.825,169.38,16.71,57.18,MFG-0843.png,0,Normal
MFG-0970,BATCH-020,839.8,123.19,3195.3,47.46,1.915,6.61,17.21,48.72,MFG-0970.png,0,Normal
MFG-1273,BATCH-026,869.92,127.79,3071.2,46.25,1.314,140.89,14.99,44.1,MFG-1273.png,2,Micro Void
MFG-1207,BATCH-025,819.23,122.56,3032.1,44.82,2.071,114.02,15.21,44.61,MFG-1207.png,0,Normal
MFG-1367,BATCH-028,815.16,124.04,3131.3,40.77,1.866,182.36,14.08,51.3,MFG-1367.png,0,Normal
MFG-0132,BATCH-003,796.4,119.28,3162.8,39.55,1.893,79.75,14.17,49.36,MFG-0132.png,0,Normal
MFG-0721,BATCH-015,817.47,119.32,3282.6,47.56,1.879,114.83,16.89,51.36,MFG-0721.png,0,Normal
MFG-0348,BATCH-007,821.53,120.19,3108.5,32.07,1.614,173.51,16.41,53.84,MFG-0348.png,0,Normal
MFG-1291,BATCH-026,855.43,114.7,3240.8,38.85,1.589,149.12,15.86,47.47,MFG-1291.png,2,Micro Void
MFG-1262,BATCH-026,842.04,114.47,3369.1,44.29,1.605,136.41,15.95,42.26,MFG-1262.png,0,Normal
MFG-0763,BATCH-016,812.49,106.37,3229.1,43.94,1.711,135.61,14.04,51.92,MFG-0763.png,0,Normal
MFG-0592,BATCH-012,825.46,111.36,3354.9,42.28,1.444,57.27,15.41,51.64,MFG-0592.png,0,Normal
MFG-0974,BATCH-020,807.55,128.45,2888.6,50.44,1.3,5.0,14.25,47.34,MFG-0974.png,0,Normal
MFG-0566,BATCH-012,799.79,120.52,3220.5,45.81,1.129,49.99,17.12,45.15,MFG-0566.png,0,Normal
MFG-0189,BATCH-004,805.13,121.37,3108.5,40.72,1.522,105.03,14.37,56.04,MFG-0189.png,0,Normal
MFG-0169,BATCH-004,842.93,117.12,3420.0,37.22,1.597,96.51,15.53,42.69,MFG-0169.png,0,Normal
MFG-1154,BATCH-024,816.44,132.91,3022.1,44.46,1.87,85.46,13.51,51.58,MFG-1154.png,0,Normal
MFG-1486,BATCH-030,823.37,126.7,3272.4,48.07,1.68,10.49,15.12,48.67,MFG-1486.png,0,Normal
MFG-0941,BATCH-019,833.53,124.89,3429.5,42.63,1.626,214.16,16.03,53.3,MFG-0941.png,3,Tool Scuffing
MFG-1085,BATCH-022,796.81,125.33,3145.2,47.47,0.997,58.04,15.96,42.74,MFG-1085.png,0,Normal
MFG-1107,BATCH-023,808.83,115.66,3253.3,48.54,1.88,65.9,18.89,46.4,MFG-1107.png,0,Normal
MFG-0937,BATCH-019,816.72,119.35,3029.1,43.92,2.575,214.8,15.85,50.44,MFG-0937.png,3,Tool Scuffing
MFG-0383,BATCH-008,804.21,132.03,3161.4,41.97,1.463,184.42,17.3,47.42,MFG-0383.png,0,Normal
MFG-0156,BATCH-004,827.78,122.0,3098.0,44.38,1.743,91.05,14.6,49.29,MFG-0156.png,0,Normal
MFG-1178,BATCH-024,825.0,118.4,3082.2,42.18,1.822,99.94,14.01,53.93,MFG-1178.png,0,Normal
MFG-1330,BATCH-027,816.05,117.82,3272.0,40.4,1.768,167.19,12.95,41.89,MFG-1330.png,0,Normal
MFG-0684,BATCH-014,798.47,124.84,3351.5,41.42,2.005,103.8,16.48,47.97,MFG-0684.png,0,Normal
MFG-0071,BATCH-002,788.06,139.46,3298.7,48.35,1.774,51.24,14.33,49.02,MFG-0071.png,0,Normal
MFG-0019,BATCH-001,801.67,106.59,3288.2,39.83,2.247,30.59,16.09,50.79,MFG-0019.png,0,Normal
MFG-1348,BATCH-027,815.49,118.21,3185.3,41.91,1.21,173.49,16.96,52.24,MFG-1348.png,0,Normal
MFG-0821,BATCH-017,834.74,121.49,3214.4,46.5,2.455,161.21,16.33,42.91,MFG-0821.png,0,Normal
MFG-0421,BATCH-009,848.02,127.04,3279.3,43.24,1.22,205.05,16.33,44.05,MFG-0421.png,3,Tool Scuffing
MFG-1416,BATCH-029,806.85,124.62,3207.4,38.96,1.439,207.28,17.83,45.35,MFG-1416.png,3,Tool Scuffing
MFG-1286,BATCH-026,832.83,119.54,3187.3,40.88,1.861,145.06,15.44,53.77,MFG-1286.png,0,Normal
MFG-0052,BATCH-002,799.61,123.99,3288.7,50.24,1.54,41.3,15.74,52.68,MFG-0052.png,0,Normal
MFG-1257,BATCH-026,815.92,115.42,3204.5,44.32,1.403,136.48,14.03,47.12,MFG-1257.png,0,Normal
MFG-0874,BATCH-018,786.73,134.36,3141.5,47.72,1.859,186.35,15.83,56.98,MFG-0874.png,0,Normal
MFG-0429,BATCH-009,817.51,138.53,3021.8,39.07,1.804,207.25,14.3,57.78,MFG-0429.png,3,Tool Scuffing
MFG-0635,BATCH-013,814.68,108.44,3103.3,44.22,1.627,83.11,18.9,51.47,MFG-0635.png,0,Normal
MFG-0740,BATCH-015,811.67,112.21,3204.4,42.22,1.892,123.98,17.68,49.34,MFG-0740.png,0,Normal
MFG-0257,BATCH-006,822.76,137.59,3214.9,47.0,1.453,134.82,17.28,46.22,MFG-0257.png,0,Normal
MFG-0638,BATCH-013,811.11,124.25,2946.4,40.59,1.596,82.33,15.83,55.52,MFG-0638.png,0,Normal
MFG-1499,BATCH-030,852.18,128.36,3131.2,47.15,1.616,19.68,15.5,45.08,MFG-1499.png,0,Normal
MFG-1412,BATCH-029,833.59,120.59,3128.9,48.26,1.871,203.57,16.17,52.41,MFG-1412.png,3,Tool Scuffing
MFG-0231,BATCH-005,833.58,129.27,3142.0,39.03,1.875,121.52,13.51,53.42,MFG-0231.png,0,Normal
MFG-0251,BATCH-006,815.92,120.37,3053.9,46.9,1.379,129.75,14.31,39.81,MFG-0251.png,0,Normal
MFG-0301,BATCH-007,804.97,121.89,3203.1,39.8,1.468,153.66,14.45,47.44,MFG-0301.png,0,Normal
MFG-0527,BATCH-011,821.08,112.17,3294.7,46.66,1.484,34.73,14.36,43.36,MFG-0527.png,0,Normal
MFG-1269,BATCH-026,788.5,117.9,3171.0,41.78,1.795,136.98,15.06,47.23,MFG-1269.png,0,Normal
MFG-1473,BATCH-030,830.12,127.74,3147.2,47.55,1.483,10.31,16.61,50.82,MFG-1473.png,0,Normal
MFG-0408,BATCH-009,837.88,126.65,3091.9,43.69,1.672,201.99,15.49,49.17,MFG-0408.png,3,Tool Scuffing
MFG-1130,BATCH-023,820.35,133.78,3324.4,46.21,1.838,79.61,15.61,41.95,MFG-1130.png,0,Normal
MFG-0008,BATCH-001,791.42,124.87,3241.8,45.17,2.037,23.64,16.93,46.66,MFG-0008.png,0,Normal
MFG-0111,BATCH-003,824.55,118.48,3188.6,44.96,1.654,72.78,14.79,48.44,MFG-0111.png,0,Normal
MFG-1102,BATCH-023,819.64,114.95,2860.3,44.53,2.127,67.32,15.2,48.79,MFG-1102.png,0,Normal
MFG-0188,BATCH-004,838.77,122.3,3321.5,40.58,1.369,105.49,17.8,52.66,MFG-0188.png,0,Normal
MFG-0542,BATCH-011,817.38,120.72,3015.1,50.27,2.071,40.16,16.92,46.73,MFG-0542.png,0,Normal
MFG-0919,BATCH-019,835.32,135.61,3177.1,50.23,1.474,207.39,17.59,44.32,MFG-0919.png,3,Tool Scuffing
MFG-0860,BATCH-018,820.18,116.19,3101.2,44.23,2.075,175.26,15.2,49.18,MFG-0860.png,0,Normal
MFG-0522,BATCH-011,807.62,114.53,2986.8,45.29,1.702,28.58,15.88,47.2,MFG-0522.png,0,Normal
MFG-0665,BATCH-014,826.47,139.81,3292.4,43.98,1.907,89.33,16.97,47.2,MFG-0665.png,0,Normal
MFG-0410,BATCH-009,813.24,128.5,3085.5,43.83,1.735,198.64,15.98,47.18,MFG-0410.png,3,Tool Scuffing
MFG-0915,BATCH-019,836.62,129.84,3039.1,46.19,1.645,206.9,17.41,45.08,MFG-0915.png,3,Tool Scuffing
MFG-0996,BATCH-020,815.89,109.84,3248.3,44.25,1.621,19.97,16.58,52.36,MFG-0996.png,0,Normal
MFG-1066,BATCH-022,836.69,111.06,3204.0,45.89,1.259,47.51,14.15,52.99,MFG-1066.png,0,Normal
MFG-1098,BATCH-022,811.51,102.26,3029.6,45.04,1.549,60.95,17.09,46.5,MFG-1098.png,0,Normal
MFG-1277,BATCH-026,845.96,116.02,3025.7,43.13,1.549,143.41,18.58,51.82,MFG-1277.png,0,Normal
MFG-1373,BATCH-028,820.12,116.42,3292.1,42.0,2.136,185.9,15.51,42.87,MFG-1373.png,0,Normal
MFG-0073,BATCH-002,799.66,126.5,3382.2,44.87,1.21,54.42,14.25,50.73,MFG-0073.png,0,Normal
MFG-1458,BATCH-030,801.93,133.75,3039.2,40.83,1.31,5.0,15.22,47.33,MFG-1458.png,0,Normal
MFG-0343,BATCH-007,807.46,134.31,3202.5,39.43,1.454,170.67,13.92,46.42,MFG-0343.png,0,Normal
MFG-1052,BATCH-022,800.79,117.08,2991.0,47.19,1.678,44.08,16.12,50.72,MFG-1052.png,0,Normal
MFG-0015,BATCH-001,814.64,120.9,3069.4,49.44,1.763,26.89,14.57,55.01,MFG-0015.png,0,Normal
MFG-0376,BATCH-008,804.22,124.37,3094.8,44.97,1.777,186.54,15.8,48.85,MFG-0376.png,0,Normal
MFG-1404,BATCH-029,796.56,120.56,3061.2,42.83,1.666,197.83,17.19,50.81,MFG-1404.png,3,Tool Scuffing
MFG-1460,BATCH-030,804.4,135.53,3103.2,50.4,1.623,5.0,13.61,52.2,MFG-1460.png,0,Normal
MFG-1120,BATCH-023,813.64,116.27,3255.2,39.8,1.673,75.51,13.86,50.34,MFG-1120.png,0,Normal
MFG-0163,BATCH-004,837.61,117.15,3172.4,46.77,2.031,96.71,14.1,47.28,MFG-0163.png,0,Normal
MFG-0601,BATCH-013,828.06,126.03,3178.5,53.24,1.878,66.65,17.79,55.33,MFG-0601.png,0,Normal
MFG-1495,BATCH-030,825.3,125.56,3117.7,43.93,2.157,14.0,16.8,50.54,MFG-1495.png,0,Normal
MFG-0709,BATCH-015,828.47,123.81,3202.9,42.16,1.687,116.12,14.44,47.47,MFG-0709.png,0,Normal
MFG-1177,BATCH-024,787.18,131.54,3004.3,46.26,1.634,97.75,14.84,48.11,MFG-1177.png,0,Normal
MFG-0523,BATCH-011,799.79,126.07,3180.6,45.42,1.55,33.12,13.93,43.05,MFG-0523.png,0,Normal
MFG-0353,BATCH-008,788.97,118.35,3224.2,42.15,1.934,175.0,16.82,56.16,MFG-0353.png,0,Normal
MFG-0417,BATCH-009,802.63,120.93,2928.6,39.3,1.796,204.34,15.49,52.56,MFG-0417.png,3,Tool Scuffing
MFG-0062,BATCH-002,844.09,119.81,3163.3,48.98,1.824,49.9,16.93,59.15,MFG-0062.png,0,Normal
MFG-1349,BATCH-027,842.6,113.62,3143.7,38.58,1.995,171.64,16.8,47.49,MFG-1349.png,0,Normal
MFG-0370,BATCH-008,830.6,106.23,3052.4,45.41,1.709,184.86,17.59,50.95,MFG-0370.png,0,Normal
MFG-1013,BATCH-021,798.7,125.32,3174.8,39.08,1.824,23.95,15.05,52.01,MFG-1013.png,0,Normal
MFG-0717,BATCH-015,824.52,122.88,3260.8,33.42,2.058,117.78,15.74,56.92,MFG-0717.png,0,Normal
MFG-0585,BATCH-012,841.3,120.46,2900.4,42.34,1.266,56.92,12.97,45.16,MFG-0585.png,0,Normal
MFG-1304,BATCH-027,835.83,124.13,3094.3,47.48,1.845,154.56,14.73,45.13,MFG-1304.png,0,Normal
MFG-0465,BATCH-010,827.33,120.24,3271.2,41.97,1.978,5.0,17.35,48.39,MFG-0465.png,0,Normal
MFG-0289,BATCH-006,843.04,120.43,3171.0,48.64,1.692,147.41,16.03,50.31,MFG-0289.png,0,Normal
MFG-1006,BATCH-021,793.3,118.28,3381.8,47.92,1.681,25.04,15.89,49.44,MFG-1006.png,0,Normal
MFG-0328,BATCH-007,824.13,121.91,3199.7,47.97,1.163,163.71,16.9,44.68,MFG-0328.png,0,Normal
MFG-0086,BATCH-002,805.05,119.72,3122.3,44.04,1.993,58.51,16.35,46.07,MFG-0086.png,0,Normal
MFG-0327,BATCH-007,824.8,125.94,3051.2,39.88,1.73,162.1,14.43,51.1,MFG-0327.png,0,Normal
MFG-0779,BATCH-016,832.87,137.71,3184.5,42.3,1.373,143.84,15.22,49.6,MFG-0779.png,0,Normal
MFG-0707,BATCH-015,853.17,113.38,3065.1,47.35,1.622,113.11,14.38,44.43,MFG-0707.png,0,Normal
MFG-0591,BATCH-012,825.84,125.08,2819.9,45.53,1.745,58.1,13.58,55.47,MFG-0591.png,0,Normal
MFG-0349,BATCH-007,838.49,126.74,2804.0,43.05,1.74,171.67,13.11,44.71,MFG-0349.png,0,Normal
MFG-0815,BATCH-017,799.95,115.98,3257.1,42.08,1.795,157.9,15.6,47.04,MFG-0815.png,0,Normal
MFG-1123,BATCH-023,839.14,114.52,3313.7,40.16,1.557,76.57,16.24,52.98,MFG-1123.png,0,Normal
MFG-1308,BATCH-027,852.76,129.1,3333.2,44.27,1.641,158.95,17.2,46.44,MFG-1308.png,0,Normal
MFG-0750,BATCH-015,863.26,115.31,3149.0,44.5,1.941,131.38,15.02,45.02,MFG-0750.png,2,Micro Void
MFG-0654,BATCH-014,814.81,127.36,3222.3,39.92,1.705,92.1,16.65,47.36,MFG-0654.png,0,Normal
MFG-0808,BATCH-017,824.73,116.21,3159.0,47.12,2.174,156.5,15.79,49.59,MFG-0808.png,0,Normal
MFG-0692,BATCH-014,827.42,123.88,2929.9,38.45,1.646,103.21,15.05,47.2,MFG-0692.png,0,Normal
MFG-0630,BATCH-013,803.79,116.45,3195.4,43.32,2.085,76.72,13.23,47.04,MFG-0630.png,0,Normal
MFG-0573,BATCH-012,819.05,114.77,3284.9,39.07,1.324,54.13,15.99,51.24,MFG-0573.png,0,Normal
MFG-0016,BATCH-001,847.69,132.45,2942.8,49.01,1.581,30.19,16.08,53.46,MFG-0016.png,0,Normal
MFG-0926,BATCH-019,833.87,128.51,3154.4,46.27,1.546,208.41,17.45,48.27,MFG-0926.png,3,Tool Scuffing
MFG-0798,BATCH-016,796.63,137.04,3158.5,44.98,1.416,147.52,17.69,45.78,MFG-0798.png,0,Normal
MFG-1463,BATCH-030,821.28,124.35,3280.4,46.73,1.343,5.0,15.66,47.9,MFG-1463.png,0,Normal
MFG-1196,BATCH-024,833.56,111.89,2907.3,42.5,1.636,108.88,14.63,47.76,MFG-1196.png,0,Normal
MFG-1027,BATCH-021,801.16,135.11,3409.8,40.86,2.1,34.24,15.63,45.29,MFG-1027.png,0,Normal
MFG-0813,BATCH-017,805.95,139.8,3276.7,45.61,1.901,157.45,15.16,46.1,MFG-0813.png,0,Normal
MFG-0495,BATCH-010,801.1,120.8,3140.7,40.62,1.406,19.39,15.69,58.48,MFG-0495.png,0,Normal
MFG-0911,BATCH-019,820.43,125.14,3101.4,47.66,1.386,201.15,16.7,52.75,MFG-0911.png,1,Surface Crack
MFG-0058,BATCH-002,810.95,122.78,3168.8,43.24,1.969,46.18,16.67,56.14,MFG-0058.png,0,Normal
MFG-1030,BATCH-021,798.76,124.05,3005.5,46.01,1.236,33.28,14.68,43.96,MFG-1030.png,0,Normal
MFG-0510,BATCH-011,807.09,111.18,3066.0,46.37,2.048,24.73,16.32,50.9,MFG-0510.png,0,Normal
MFG-0737,BATCH-015,815.9,115.86,3083.8,39.16,1.356,122.05,14.6,56.35,MFG-0737.png,0,Normal
MFG-0493,BATCH-010,799.55,116.62,3239.1,41.22,1.377,16.58,18.03,54.28,MFG-0493.png,0,Normal
MFG-0360,BATCH-008,812.55,119.95,3280.1,43.23,1.458,181.56,16.65,43.23,MFG-0360.png,0,Normal
MFG-0669,BATCH-014,823.23,105.86,3142.8,42.24,1.598,94.21,15.96,40.8,MFG-0669.png,0,Normal
MFG-0285,BATCH-006,793.45,123.97,3124.8,44.67,2.222,143.53,16.27,51.98,MFG-0285.png,0,Normal
MFG-1184,BATCH-024,815.33,114.56,3372.5,47.12,1.661,101.71,14.65,47.79,MFG-1184.png,0,Normal
MFG-0540,BATCH-011,761.15,122.83,3134.3,44.83,1.378,37.52,14.73,41.67,MFG-0540.png,0,Normal
MFG-1168,BATCH-024,840.12,111.6,3056.2,47.0,1.958,98.03,14.86,53.13,MFG-1168.png,0,Normal
MFG-1292,BATCH-026,827.84,108.89,3326.8,46.47,2.021,147.24,13.31,49.52,MFG-1292.png,0,Normal
MFG-0238,BATCH-005,837.86,138.77,3163.9,48.43,1.596,125.28,15.27,46.67,MFG-0238.png,0,Normal
MFG-0558,BATCH-012,806.28,119.65,3220.3,46.9,1.574,45.6,15.0,54.96,MFG-0558.png,0,Normal
MFG-1060,BATCH-022,832.19,117.98,2938.2,41.25,1.541,46.89,16.79,51.01,MFG-1060.png,0,Normal
MFG-0995,BATCH-020,796.92,119.65,3176.5,38.43,2.241,19.61,15.42,49.8,MFG-0995.png,0,Normal
MFG-0077,BATCH-002,785.71,121.38,3204.1,49.83,1.706,52.0,15.51,53.59,MFG-0077.png,0,Normal
MFG-0470,BATCH-010,804.59,128.68,3214.6,41.54,1.666,5.0,16.12,42.29,MFG-0470.png,0,Normal
MFG-0879,BATCH-018,793.91,123.29,3037.8,39.47,1.659,187.06,15.03,48.74,MFG-0879.png,0,Normal
MFG-1176,BATCH-024,799.85,131.93,3082.8,40.76,1.704,99.13,14.57,48.57,MFG-1176.png,0,Normal
MFG-0288,BATCH-006,814.35,119.56,3304.6,40.27,1.664,147.08,16.77,53.78,MFG-0288.png,0,Normal
MFG-0146,BATCH-003,819.67,125.58,2979.9,46.22,1.685,83.99,17.59,44.47,MFG-0146.png,0,Normal
MFG-0334,BATCH-007,807.7,128.04,3162.2,35.11,1.733,168.35,14.6,42.46,MFG-0334.png,0,Normal
MFG-0931,BATCH-019,818.06,115.94,3145.9,40.41,1.701,210.01,12.94,49.66,MFG-0931.png,3,Tool Scuffing
MFG-0772,BATCH-016,800.83,129.64,3164.7,39.07,1.985,139.48,16.18,46.31,MFG-0772.png,0,Normal
MFG-0081,BATCH-002,817.81,125.85,3024.7,48.81,1.458,55.74,16.96,53.03,MFG-0081.png,0,Normal
MFG-0455,BATCH-010,819.74,120.34,2861.4,44.01,2.099,5.0,16.29,50.02,MFG-0455.png,0,Normal
MFG-1311,BATCH-027,816.28,120.14,2973.9,46.97,1.596,153.97,11.39,50.49,MFG-1311.png,0,Normal
MFG-0632,BATCH-013,824.07,120.46,2902.1,40.59,1.441,76.76,16.25,48.27,MFG-0632.png,0,Normal
MFG-1306,BATCH-027,839.09,120.23,3037.1,43.42,1.655,160.29,13.0,51.46,MFG-1306.png,0,Normal
MFG-1132,BATCH-023,840.2,118.15,3196.5,46.85,1.664,77.83,18.47,44.32,MFG-1132.png,0,Normal
MFG-0229,BATCH-005,821.17,128.63,3147.9,40.61,2.105,121.25,14.41,51.64,MFG-0229.png,0,Normal
MFG-0889,BATCH-018,850.1,124.73,3271.5,44.3,1.677,190.73,17.78,48.53,MFG-0889.png,0,Normal
MFG-1076,BATCH-022,805.6,103.42,3167.4,49.53,1.554,52.13,15.26,50.19,MFG-1076.png,0,Normal
MFG-0100,BATCH-002,858.25,138.17,3003.2,43.53,1.917,60.58,14.91,56.41,MFG-0100.png,2,Micro Void
MFG-0649,BATCH-013,822.52,132.05,3128.6,42.09,1.299,84.65,17.64,50.78,MFG-0649.png,0,Normal
MFG-0871,BATCH-018,816.5,137.8,3149.5,46.31,1.456,180.98,15.45,51.64,MFG-0871.png,0,Normal
MFG-0519,BATCH-011,809.78,116.81,3029.0,43.84,1.201,30.38,16.25,43.7,MFG-0519.png,0,Normal
MFG-1012,BATCH-021,829.24,115.48,3255.6,41.22,2.002,28.3,14.5,48.64,MFG-1012.png,0,Normal
MFG-0633,BATCH-013,804.55,118.23,3091.6,43.38,1.607,78.84,15.48,56.54,MFG-0633.png,0,Normal
MFG-1100,BATCH-022,800.15,103.61,3087.5,51.78,1.272,65.05,15.27,45.86,MFG-1100.png,0,Normal
MFG-0780,BATCH-016,820.75,118.16,3207.5,46.08,1.76,143.1,14.56,45.5,MFG-0780.png,0,Normal
MFG-1133,BATCH-023,830.81,112.79,3104.0,47.29,1.903,78.13,16.64,51.79,MFG-1133.png,0,Normal
MFG-0983,BATCH-020,826.92,110.43,3274.2,46.94,1.947,12.83,14.7,34.32,MFG-0983.png,0,Normal
MFG-0248,BATCH-005,823.71,139.26,3068.5,45.62,1.617,130.62,14.79,56.69,MFG-0248.png,0,Normal
MFG-0225,BATCH-005,830.39,125.9,3088.4,40.27,1.688,121.85,16.45,49.67,MFG-0225.png,0,Normal
MFG-0091,BATCH-002,830.03,123.02,3204.3,43.85,1.761,58.6,14.57,51.92,MFG-0091.png,0,Normal
MFG-0759,BATCH-016,842.79,117.9,3355.4,41.25,1.68,133.9,14.97,48.17,MFG-0759.png,0,Normal
MFG-1380,BATCH-028,831.24,119.22,3161.2,45.04,2.191,187.57,16.75,41.15,MFG-1380.png,0,Normal
MFG-1271,BATCH-026,844.44,119.98,3034.3,41.07,2.288,137.63,18.15,49.35,MFG-1271.png,0,Normal
MFG-0993,BATCH-020,860.9,130.07,3282.2,42.66,1.875,19.1,15.15,43.35,MFG-0993.png,2,Micro Void
MFG-0068,BATCH-002,836.86,124.13,3040.4,42.94,2.205,50.25,18.68,56.16,MFG-0068.png,0,Normal
MFG-1406,BATCH-029,826.82,117.44,3045.9,45.97,2.287,197.14,14.23,54.19,MFG-1406.png,3,Tool Scuffing
MFG-0033,BATCH-001,806.52,124.08,3115.3,38.9,1.828,35.08,15.7,54.17,MFG-0033.png,0,Normal
MFG-0414,BATCH-009,816.6,121.76,3266.6,45.31,1.576,200.5,15.59,42.04,MFG-0414.png,3,Tool Scuffing
MFG-0272,BATCH-006,818.38,112.27,3179.5,38.98,2.339,137.52,14.78,47.2,MFG-0272.png,0,Normal
MFG-0027,BATCH-001,825.41,127.17,3192.6,41.45,1.496,30.31,15.39,49.95,MFG-0027.png,0,Normal
MFG-0936,BATCH-019,825.43,118.07,3031.2,41.99,1.57,210.75,16.95,55.72,MFG-0936.png,3,Tool Scuffing
MFG-0508,BATCH-011,809.27,118.14,2919.8,42.48,2.011,25.32,16.12,55.68,MFG-0508.png,0,Normal
MFG-0741,BATCH-015,833.67,141.91,2981.1,40.84,1.102,125.77,14.34,48.8,MFG-0741.png,0,Normal
MFG-0570,BATCH-012,816.83,115.73,3227.8,50.85,1.644,51.31,16.88,51.64,MFG-0570.png,0,Normal
MFG-1189,BATCH-024,815.72,122.68,3256.4,43.81,1.687,102.81,15.68,51.04,MFG-1189.png,0,Normal
MFG-1282,BATCH-026,790.17,118.59,3068.3,49.93,1.576,144.76,15.69,51.36,MFG-1282.png,0,Normal
MFG-1087,BATCH-022,823.71,123.45,3227.6,47.59,2.512,61.76,15.75,38.97,MFG-1087.png,0,Normal
MFG-1217,BATCH-025,810.19,126.47,3314.7,39.99,2.005,116.04,15.94,47.34,MFG-1217.png,0,Normal
MFG-1155,BATCH-024,844.64,121.69,3267.4,45.22,1.687,89.66,15.62,49.99,MFG-1155.png,0,Normal
MFG-0555,BATCH-012,813.69,109.11,3213.0,41.98,2.259,46.13,16.08,54.46,MFG-0555.png,0,Normal
MFG-0925,BATCH-019,787.2,126.35,3128.7,41.9,1.334,210.57,14.62,48.26,MFG-0925.png,3,Tool Scuffing
MFG-0356,BATCH-008,827.08,123.53,3114.6,45.25,1.341,180.32,13.24,42.06,MFG-0356.png,0,Normal
MFG-0013,BATCH-001,823.17,127.7,3264.2,37.02,1.746,27.24,15.35,49.45,MFG-0013.png,0,Normal
MFG-1126,BATCH-023,806.23,118.95,3056.6,43.46,1.359,75.28,13.58,51.57,MFG-1126.png,0,Normal
MFG-0683,BATCH-014,853.24,104.74,3250.3,51.34,1.726,101.87,17.57,62.73,MFG-0683.png,2,Micro Void
MFG-1372,BATCH-028,835.45,121.95,3265.7,47.29,1.634,185.5,14.78,45.92,MFG-1372.png,0,Normal
MFG-1345,BATCH-027,798.56,133.39,3109.0,45.71,2.295,171.5,14.84,46.19,MFG-1345.png,0,Normal
MFG-0625,BATCH-013,803.27,122.56,3271.9,48.91,2.044,73.66,16.27,48.58,MFG-0625.png,0,Normal
MFG-1237,BATCH-025,819.43,132.27,3161.3,42.89,1.867,128.54,15.15,51.33,MFG-1237.png,0,Normal
MFG-0927,BATCH-019,813.64,124.23,2971.5,41.14,1.648,208.36,15.85,45.15,MFG-0927.png,3,Tool Scuffing
MFG-0964,BATCH-020,806.59,132.29,3175.2,43.62,1.166,5.0,14.6,43.73,MFG-0964.png,0,Normal
MFG-0127,BATCH-003,816.17,123.48,3159.3,49.64,2.147,74.91,18.08,43.74,MFG-0127.png,0,Normal
MFG-0317,BATCH-007,831.4,127.83,3037.6,47.72,1.842,161.41,16.9,49.52,MFG-0317.png,0,Normal
MFG-0535,BATCH-011,825.06,123.0,2854.9,48.85,1.874,38.3,13.05,52.7,MFG-0535.png,0,Normal
MFG-0586,BATCH-012,820.07,133.13,3030.5,46.3,1.805,55.13,16.37,47.85,MFG-0586.png,0,Normal
MFG-0958,BATCH-020,806.44,127.52,3149.5,42.18,1.875,5.0,15.88,45.23,MFG-0958.png,0,Normal
MFG-0095,BATCH-002,840.28,115.85,3289.6,44.13,1.485,61.18,16.71,44.7,MFG-0095.png,0,Normal
MFG-0849,BATCH-017,824.82,121.98,3003.8,46.24,1.721,174.08,13.41,50.33,MFG-0849.png,0,Normal
MFG-1410,BATCH-029,842.34,135.72,3180.5,46.18,1.817,203.47,15.14,43.77,MFG-1410.png,3,Tool Scuffing
MFG-1137,BATCH-023,855.33,107.18,3171.0,39.16,2.079,84.9,15.21,49.38,MFG-1137.png,0,Normal
MFG-0641,BATCH-013,791.52,125.17,3283.7,44.4,1.646,81.08,16.21,53.01,MFG-0641.png,0,Normal
MFG-0358,BATCH-008,830.02,123.31,2997.9,46.3,1.757,179.83,16.28,54.4,MFG-0358.png,0,Normal
MFG-1407,BATCH-029,803.33,126.53,3163.1,44.91,1.553,200.05,14.91,59.49,MFG-1407.png,3,Tool Scuffing
MFG-0528,BATCH-011,822.24,112.48,3257.7,47.98,1.696,33.82,13.67,42.23,MFG-0528.png,0,Normal
MFG-0435,BATCH-009,789.8,129.0,3189.3,46.16,1.79,211.69,15.59,52.73,MFG-0435.png,3,Tool Scuffing
MFG-1116,BATCH-023,821.05,121.77,3124.9,46.29,1.276,72.53,16.85,46.78,MFG-1116.png,0,Normal
MFG-1220,BATCH-025,814.43,111.34,3230.4,48.75,1.912,119.92,15.91,50.55,MFG-1220.png,0,Normal
MFG-0878,BATCH-018,816.88,123.65,3005.5,48.22,1.816,188.37,18.16,50.99,MFG-0878.png,1,Surface Crack
MFG-1434,BATCH-029,832.65,137.99,3272.4,42.51,1.584,209.61,16.75,40.41,MFG-1434.png,3,Tool Scuffing
MFG-1086,BATCH-022,843.7,107.41,3122.9,38.8,1.395,57.01,15.8,44.12,MFG-1086.png,0,Normal
MFG-0825,BATCH-017,812.7,111.17,3256.2,41.74,1.829,162.28,17.59,50.61,MFG-0825.png,0,Normal
MFG-0340,BATCH-007,848.66,126.68,3387.6,41.85,2.16,166.6,13.7,50.5,MFG-0340.png,0,Normal
MFG-0781,BATCH-016,831.07,122.97,3054.2,41.45,1.699,145.27,17.81,48.86,MFG-0781.png,0,Normal
MFG-0226,BATCH-005,857.08,127.61,3084.2,43.89,1.745,122.92,16.92,51.84,MFG-0226.png,2,Micro Void
MFG-1456,BATCH-030,855.52,132.97,2953.0,45.41,1.283,5.0,14.75,53.18,MFG-1456.png,2,Micro Void
MFG-0281,BATCH-006,843.45,135.11,2821.0,46.12,1.508,144.05,14.06,39.67,MFG-0281.png,0,Normal
MFG-0731,BATCH-015,787.54,124.18,3104.9,43.18,1.833,122.71,15.34,58.74,MFG-0731.png,0,Normal
MFG-0848,BATCH-017,846.55,125.02,3032.0,43.4,1.368,173.52,17.12,50.1,MFG-0848.png,0,Normal
MFG-0548,BATCH-011,822.97,113.46,3223.9,45.46,1.989,43.75,14.68,43.9,MFG-0548.png,0,Normal
MFG-0190,BATCH-004,834.34,120.2,3239.8,44.91,1.702,103.69,16.19,52.74,MFG-0190.png,0,Normal
MFG-0082,BATCH-002,816.61,119.7,3104.0,46.65,1.391,58.34,16.15,47.81,MFG-0082.png,0,Normal
MFG-0589,BATCH-012,800.99,127.98,2867.0,47.98,1.531,58.32,17.29,52.12,MFG-0589.png,0,Normal
MFG-0321,BATCH-007,845.89,114.46,3140.4,47.53,1.869,166.12,16.84,51.35,MFG-0321.png,0,Normal
MFG-0597,BATCH-012,824.75,130.65,3090.4,40.31,1.749,61.19,15.52,39.89,MFG-0597.png,0,Normal
MFG-0533,BATCH-011,833.68,127.84,2963.2,38.19,1.744,36.38,12.76,49.76,MFG-0533.png,0,Normal
MFG-1242,BATCH-025,823.88,119.97,3161.3,48.76,1.742,129.31,16.06,49.28,MFG-1242.png,0,Normal
MFG-1381,BATCH-028,843.0,132.65,3173.7,42.42,1.635,188.9,16.71,54.9,MFG-1381.png,3,Tool Scuffing
MFG-1285,BATCH-026,827.74,134.14,2896.0,47.79,1.48,147.01,16.66,55.39,MFG-1285.png,0,Normal
MFG-0539,BATCH-011,821.4,110.28,2989.8,42.98,2.046,37.39,15.59,59.31,MFG-0539.png,0,Normal
MFG-0906,BATCH-019,811.77,138.64,3315.1,47.98,1.444,198.66,16.63,48.76,MFG-0906.png,3,Tool Scuffing
MFG-0480,BATCH-010,852.62,119.03,3061.5,42.09,2.286,15.89,12.08,44.13,MFG-0480.png,2,Micro Void
MFG-0228,BATCH-005,842.22,122.89,3145.0,40.78,2.016,119.3,13.88,43.99,MFG-0228.png,0,Normal
MFG-0917,BATCH-019,823.55,117.17,3015.1,42.27,2.003,202.91,15.04,54.35,MFG-0917.png,3,Tool Scuffing
MFG-0851,BATCH-018,836.36,120.8,3154.3,42.45,1.333,176.84,16.79,54.55,MFG-0851.png,0,Normal
MFG-0035,BATCH-001,785.92,115.94,3167.7,43.43,1.591,38.39,14.33,47.64,MFG-0035.png,0,Normal
MFG-1162,BATCH-024,832.02,119.76,3130.0,46.06,2.156,92.56,13.69,46.63,MFG-1162.png,0,Normal
MFG-0291,BATCH-006,821.07,113.1,3244.4,44.25,1.978,147.44,15.69,48.75,MFG-0291.png,0,Normal
MFG-0949,BATCH-019,809.83,133.71,2995.0,41.25,1.472,219.0,14.95,41.28,MFG-0949.png,3,Tool Scuffing
MFG-0473,BATCH-010,822.25,126.35,3206.2,44.1,2.171,8.06,14.09,47.93,MFG-0473.png,0,Normal
MFG-0320,BATCH-007,836.89,105.46,3178.5,44.95,1.875,162.29,15.32,56.03,MFG-0320.png,0,Normal
MFG-0845,BATCH-017,815.16,129.04,3055.0,41.2,1.958,171.51,14.86,51.54,MFG-0845.png,0,Normal
MFG-0823,BATCH-017,835.7,128.77,2990.6,44.25,1.315,164.6,17.12,51.93,MFG-0823.png,0,Normal
MFG-0966,BATCH-020,806.72,133.22,3341.8,42.32,1.923,5.0,13.02,46.35,MFG-0966.png,0,Normal
MFG-0241,BATCH-005,843.86,120.79,3093.9,45.59,1.762,126.82,17.37,55.47,MFG-0241.png,0,Normal
MFG-0622,BATCH-013,839.9,131.93,3182.3,39.69,1.877,75.68,14.76,40.23,MFG-0622.png,0,Normal
MFG-0315,BATCH-007,854.17,122.07,3059.4,40.29,1.716,160.1,15.98,49.79,MFG-0315.png,0,Normal
MFG-1394,BATCH-028,801.45,125.21,3216.3,43.18,1.423,196.5,16.8,49.6,MFG-1394.png,3,Tool Scuffing
MFG-1073,BATCH-022,804.69,127.11,3052.9,46.13,1.662,52.22,15.5,49.79,MFG-1073.png,0,Normal
MFG-0695,BATCH-014,802.21,126.18,3191.2,48.37,1.635,103.31,17.41,55.73,MFG-0695.png,0,Normal
MFG-1039,BATCH-021,813.35,116.78,3385.8,44.41,1.225,36.31,16.19,50.48,MFG-1039.png,0,Normal
MFG-0841,BATCH-017,811.05,126.35,3034.9,41.72,1.662,170.49,13.87,56.65,MFG-0841.png,0,Normal
MFG-0703,BATCH-015,833.41,102.35,3270.5,45.24,1.484,110.21,18.46,45.32,MFG-0703.png,0,Normal
MFG-0221,BATCH-005,828.28,118.88,3141.3,41.76,1.768,119.74,17.35,50.23,MFG-0221.png,0,Normal
MFG-0829,BATCH-017,801.41,116.29,3169.6,42.99,1.187,164.16,15.41,53.61,MFG-0829.png,0,Normal
MFG-0762,BATCH-016,822.31,127.14,3312.6,45.05,2.344,133.63,16.53,42.78,MFG-0762.png,0,Normal
MFG-0148,BATCH-003,839.05,122.92,3108.1,45.26,1.755,85.29,14.0,49.1,MFG-0148.png,0,Normal
MFG-0215,BATCH-005,808.66,119.54,3317.5,43.97,2.053,117.77,14.26,49.6,MFG-0215.png,0,Normal
MFG-1321,BATCH-027,804.34,117.74,3182.4,46.53,1.967,161.99,12.92,55.29,MFG-1321.png,0,Normal
MFG-0210,BATCH-005,816.34,128.55,3248.3,47.86,1.843,113.37,17.09,37.34,MFG-0210.png,0,Normal
MFG-0992,BATCH-020,851.69,134.81,3126.9,46.13,2.412,14.97,12.26,52.91,MFG-0992.png,2,Micro Void
MFG-0245,BATCH-005,815.03,130.32,3026.2,41.46,1.718,124.66,16.04,48.94,MFG-0245.png,0,Normal
MFG-0671,BATCH-014,823.97,127.19,3052.2,47.36,2.167,95.01,15.02,45.73,MFG-0671.png,0,Normal
MFG-1152,BATCH-024,823.42,126.24,3001.8,37.62,1.776,88.59,14.58,49.3,MFG-1152.png,0,Normal
MFG-1446,BATCH-029,774.02,115.46,3278.7,41.99,1.914,215.4,15.16,50.56,MFG-1446.png,3,Tool Scuffing
MFG-0282,BATCH-006,803.78,131.6,3146.6,45.27,1.358,141.42,15.12,51.47,MFG-0282.png,0,Normal
MFG-0739,BATCH-015,788.27,134.21,3360.1,41.72,1.858,123.83,15.15,48.68,MFG-0739.png,0,Normal
MFG-1347,BATCH-027,820.38,110.56,3185.8,38.65,1.593,173.2,16.33,51.96,MFG-1347.png,0,Normal
MFG-0696,BATCH-014,846.59,134.6,2923.1,47.25,1.811,107.0,19.26,51.28,MFG-0696.png,0,Normal
MFG-0945,BATCH-019,832.33,118.0,3302.3,41.78,2.107,216.96,16.14,48.65,MFG-0945.png,3,Tool Scuffing
MFG-0155,BATCH-004,799.85,132.12,3023.0,41.44,0.757,90.17,18.75,44.81,MFG-0155.png,0,Normal
MFG-0394,BATCH-008,843.91,111.54,3180.7,40.05,1.873,194.89,13.66,55.37,MFG-0394.png,3,Tool Scuffing
MFG-0364,BATCH-008,820.1,138.18,3291.3,42.06,1.706,180.56,14.61,52.75,MFG-0364.png,0,Normal
MFG-0195,BATCH-004,785.34,135.79,2937.0,38.98,1.489,106.47,15.13,46.6,MFG-0195.png,0,Normal
MFG-0574,BATCH-012,839.51,114.29,3088.7,46.49,1.724,51.86,16.18,50.75,MFG-0574.png,0,Normal
MFG-0092,BATCH-002,824.68,123.48,3230.3,49.28,1.516,63.49,15.09,50.75,MFG-0092.png,0,Normal
MFG-0646,BATCH-013,809.35,107.64,3267.0,44.09,1.883,85.41,14.95,45.44,MFG-0646.png,0,Normal
MFG-1165,BATCH-024,819.39,128.23,3172.1,45.82,1.478,93.37,15.3,55.32,MFG-1165.png,0,Normal
MFG-0344,BATCH-007,814.6,128.16,3054.0,41.18,1.759,173.5,15.19,55.7,MFG-0344.png,0,Normal
MFG-0718,BATCH-015,822.6,117.41,3191.2,38.91,2.019,115.06,18.05,49.3,MFG-0718.png,0,Normal
MFG-0235,BATCH-005,820.26,130.13,3078.0,40.35,1.939,124.48,16.01,43.29,MFG-0235.png,0,Normal
MFG-0342,BATCH-007,836.83,122.96,3125.5,50.85,1.46,171.05,14.44,47.4,MFG-0342.png,0,Normal
MFG-1121,BATCH-023,811.08,132.55,2893.4,49.68,2.208,74.16,15.77,53.11,MFG-1121.png,0,Normal
MFG-0513,BATCH-011,812.03,111.83,3022.8,39.92,1.591,28.19,16.79,52.98,MFG-0513.png,0,Normal
MFG-1323,BATCH-027,815.66,119.99,3127.7,48.4,1.015,160.01,13.06,48.33,MFG-1323.png,0,Normal
MFG-0125,BATCH-003,809.54,131.83,2945.8,43.97,1.805,75.07,15.94,41.9,MFG-0125.png,0,Normal
MFG-0979,BATCH-020,834.04,127.43,3179.2,44.74,1.928,11.4,15.44,43.1,MFG-0979.png,0,Normal
MFG-0503,BATCH-011,820.47,124.38,3075.5,43.41,1.973,17.17,18.81,50.36,MFG-0503.png,0,Normal
MFG-1363,BATCH-028,816.62,117.97,3035.9,40.45,1.682,183.14,12.26,50.08,MFG-1363.png,0,Normal
MFG-0166,BATCH-004,802.81,130.99,3202.0,40.12,1.814,92.15,14.45,51.25,MFG-0166.png,0,Normal
MFG-0766,BATCH-016,812.52,115.44,3271.0,43.35,1.714,134.6,13.38,44.75,MFG-0766.png,0,Normal
MFG-1018,BATCH-021,811.51,123.49,3003.8,47.24,1.685,31.07,16.63,48.97,MFG-1018.png,0,Normal
MFG-1053,BATCH-022,830.15,123.29,3209.7,45.42,1.713,43.95,14.05,38.51,MFG-1053.png,0,Normal
MFG-0716,BATCH-015,816.98,131.72,3014.7,43.72,2.109,112.19,16.35,50.82,MFG-0716.png,0,Normal
MFG-0875,BATCH-018,835.74,121.32,2987.3,43.85,1.573,185.53,13.51,44.09,MFG-0875.png,0,Normal
MFG-0472,BATCH-010,840.68,113.98,3099.7,53.54,1.457,11.88,15.34,54.73,MFG-0472.png,0,Normal
MFG-0274,BATCH-006,814.48,107.11,3129.9,43.5,1.656,142.23,16.08,40.14,MFG-0274.png,0,Normal
MFG-1429,BATCH-029,806.27,128.48,2903.9,42.39,1.621,209.25,16.61,53.22,MFG-1429.png,3,Tool Scuffing
MFG-0063,BATCH-002,823.22,103.95,3209.8,38.98,1.945,46.52,16.03,47.84,MFG-0063.png,0,Normal
MFG-1332,BATCH-027,822.02,135.08,3326.5,43.74,1.672,167.02,13.9,51.07,MFG-1332.png,0,Normal
MFG-0656,BATCH-014,806.34,119.79,3321.7,42.6,2.249,90.68,16.22,45.45,MFG-0656.png,0,Normal
MFG-1354,BATCH-028,831.24,124.32,3155.1,47.42,2.342,182.11,15.13,45.44,MFG-1354.png,0,Normal
MFG-0736,BATCH-015,853.84,122.24,3210.3,45.74,1.878,122.96,16.79,49.4,MFG-0736.png,2,Micro Void
MFG-0135,BATCH-003,828.7,130.71,3184.6,41.54,1.658,80.69,14.47,44.48,MFG-0135.png,0,Normal
MFG-0713,BATCH-015,823.28,119.8,3214.7,42.38,1.847,116.22,16.74,44.79,MFG-0713.png,0,Normal
MFG-0147,BATCH-003,810.6,130.2,3215.0,44.87,2.212,84.13,16.21,54.03,MFG-0147.png,0,Normal
MFG-1471,BATCH-030,846.88,118.37,3320.5,41.08,1.513,6.6,16.1,51.22,MFG-1471.png,0,Normal
MFG-0187,BATCH-004,835.63,129.09,3307.4,43.24,1.986,102.85,18.09,58.66,MFG-0187.png,0,Normal
MFG-1115,BATCH-023,801.48,112.69,2923.7,56.4,1.892,69.56,17.35,38.35,MFG-1115.png,1,Surface Crack
MFG-0756,BATCH-016,818.15,116.54,3058.6,47.22,2.33,136.26,14.6,38.7,MFG-0756.png,0,Normal
MFG-0782,BATCH-016,816.82,118.0,3052.3,49.46,1.46,143.29,15.16,47.36,MFG-0782.png,0,Normal
MFG-1379,BATCH-028,841.74,131.04,3245.5,39.02,2.02,189.01,14.88,48.43,MFG-1379.png,3,Tool Scuffing
MFG-0103,BATCH-003,811.16,101.7,3020.3,46.53,2.196,67.06,18.54,48.74,MFG-0103.png,0,Normal
MFG-0947,BATCH-019,815.31,128.45,3170.6,41.59,1.691,216.03,17.0,43.49,MFG-0947.png,3,Tool Scuffing
MFG-0882,BATCH-018,810.84,120.43,3285.8,45.63,1.852,188.82,16.81,52.03,MFG-0882.png,0,Normal
MFG-1370,BATCH-028,809.71,128.09,2991.1,41.23,1.906,182.96,14.11,49.01,MFG-1370.png,0,Normal
MFG-1468,BATCH-030,806.32,114.89,3047.7,45.0,1.847,7.32,14.3,54.18,MFG-1468.png,0,Normal
MFG-0109,BATCH-003,831.42,122.92,3106.9,46.71,1.806,68.58,13.06,49.2,MFG-0109.png,0,Normal
MFG-1096,BATCH-022,823.71,119.17,3198.2,48.83,1.824,60.36,14.47,51.11,MFG-1096.png,0,Normal
MFG-1080,BATCH-022,829.33,117.1,3097.8,40.96,1.787,53.91,15.8,50.04,MFG-1080.png,0,Normal
MFG-1327,BATCH-027,829.81,130.03,3163.8,45.02,1.738,161.96,16.32,51.29,MFG-1327.png,0,Normal
MFG-0067,BATCH-002,848.09,105.62,3164.3,42.2,0.993,50.39,14.5,51.69,MFG-0067.png,0,Normal
MFG-0183,BATCH-004,848.44,114.83,3178.4,47.79,1.54,98.05,17.14,51.99,MFG-0183.png,0,Normal
MFG-0433,BATCH-009,806.75,126.07,3085.5,51.4,1.427,210.63,13.87,35.05,MFG-0433.png,1,Surface Crack
MFG-0700,BATCH-014,801.41,123.2,3204.8,47.19,2.049,106.73,16.4,55.24,MFG-0700.png,0,Normal
MFG-0380,BATCH-008,842.45,127.49,3112.8,44.54,1.637,192.29,16.01,54.07,MFG-0380.png,3,Tool Scuffing
MFG-0497,BATCH-010,835.91,129.86,3027.8,49.07,1.695,18.87,15.57,45.96,MFG-0497.png,0,Normal
MFG-0494,BATCH-010,824.11,132.57,3259.6,49.43,1.648,15.61,16.39,59.71,MFG-0494.png,0,Normal
MFG-1253,BATCH-026,817.58,104.15,3243.3,44.87,1.601,136.1,16.4,49.0,MFG-1253.png,0,Normal
MFG-1387,BATCH-028,818.7,126.33,3150.4,39.62,1.196,191.88,14.12,37.9,MFG-1387.png,3,Tool Scuffing
MFG-0777,BATCH-016,807.8,124.04,3200.4,42.8,1.413,140.6,15.24,45.84,MFG-0777.png,0,Normal
MFG-1088,BATCH-022,826.23,124.58,2982.9,47.85,2.184,59.13,14.93,52.58,MFG-1088.png,0,Normal
MFG-1284,BATCH-026,817.68,113.12,3108.8,43.15,1.601,147.05,15.29,43.09,MFG-1284.png,0,Normal
MFG-0242,BATCH-005,817.98,114.62,3122.5,41.82,1.55,127.08,15.2,49.42,MFG-0242.png,0,Normal
MFG-0562,BATCH-012,805.96,130.21,2930.1,47.3,1.837,49.8,15.88,52.33,MFG-0562.png,0,Normal
MFG-1331,BATCH-027,801.84,137.85,3166.2,41.56,1.858,164.18,15.75,44.98,MFG-1331.png,0,Normal
MFG-0578,BATCH-012,839.83,117.35,3289.0,48.09,2.217,55.79,14.91,53.03,MFG-0578.png,0,Normal
MFG-0112,BATCH-003,801.65,127.57,3186.9,46.48,2.047,70.36,16.19,52.23,MFG-0112.png,0,Normal
MFG-0237,BATCH-005,830.04,127.24,3245.7,43.49,1.387,125.56,17.15,54.32,MFG-0237.png,0,Normal
MFG-1268,BATCH-026,820.54,121.36,3017.0,48.59,2.007,138.26,13.73,54.33,MFG-1268.png,0,Normal
MFG-1352,BATCH-028,811.0,111.04,2996.6,44.64,1.172,177.59,18.09,51.01,MFG-1352.png,0,Normal
MFG-0559,BATCH-012,846.45,128.34,3181.6,34.12,1.668,48.65,16.16,48.47,MFG-0559.png,0,Normal
MFG-0862,BATCH-018,789.9,134.8,3026.5,43.37,2.043,177.79,15.86,52.95,MFG-0862.png,0,Normal
MFG-0987,BATCH-020,832.73,125.29,3458.5,45.81,1.534,17.0,14.67,46.3,MFG-0987.png,0,Normal
MFG-0459,BATCH-010,827.22,110.99,3164.1,38.79,2.32,5.0,15.01,46.73,MFG-0459.png,0,Normal
MFG-0307,BATCH-007,796.62,119.8,3086.2,44.39,2.209,156.82,14.17,54.73,MFG-0307.png,0,Normal
MFG-0003,BATCH-001,815.56,128.62,3150.8,37.53,1.137,21.64,16.98,52.55,MFG-0003.png,0,Normal
MFG-0442,BATCH-009,822.59,124.36,3049.0,45.6,2.503,215.41,15.2,48.9,MFG-0442.png,3,Tool Scuffing
MFG-0682,BATCH-014,830.06,118.47,3184.7,39.61,1.597,99.64,15.99,46.16,MFG-0682.png,0,Normal
MFG-0599,BATCH-012,856.6,123.5,3230.8,44.21,2.444,62.78,15.56,50.2,MFG-0599.png,2,Micro Void
MFG-0011,BATCH-001,820.01,123.18,3047.5,45.73,1.707,27.25,15.36,49.01,MFG-0011.png,0,Normal
MFG-0568,BATCH-012,799.11,118.62,3147.1,48.16,1.944,50.73,18.13,43.2,MFG-0568.png,0,Normal
MFG-1009,BATCH-021,841.1,127.86,3086.0,45.86,1.827,23.38,17.45,49.89,MFG-1009.png,0,Normal
MFG-0511,BATCH-011,818.29,119.56,3228.6,44.18,1.356,26.72,14.48,42.11,MFG-0511.png,0,Normal
MFG-0341,BATCH-007,817.43,130.99,3242.1,44.49,1.964,171.5,14.88,41.26,MFG-0341.png,0,Normal
MFG-0001,BATCH-001,828.94,120.76,3227.7,49.33,1.68,21.53,17.71,52.45,MFG-0001.png,0,Normal
MFG-1008,BATCH-021,834.32,115.24,2835.7,43.39,2.278,23.49,13.76,39.93,MFG-1008.png,0,Normal
MFG-0812,BATCH-017,833.05,126.33,2950.1,41.45,1.657,165.23,14.61,42.5,MFG-0812.png,0,Normal
MFG-0499,BATCH-010,805.36,134.72,3016.6,44.84,1.936,19.15,15.64,51.11,MFG-0499.png,0,Normal
MFG-0083,BATCH-002,844.17,116.81,3103.8,43.76,1.223,57.93,13.56,44.98,MFG-0083.png,0,Normal
MFG-0760,BATCH-016,784.02,112.34,3361.7,44.05,1.759,136.69,15.93,47.33,MFG-0760.png,0,Normal
MFG-0699,BATCH-014,825.17,112.16,3147.8,49.36,1.352,108.16,18.26,47.12,MFG-0699.png,0,Normal
MFG-1428,BATCH-029,790.73,118.54,3265.7,45.98,1.397,207.01,14.19,54.46,MFG-1428.png,3,Tool Scuffing
MFG-0227,BATCH-005,782.97,125.28,3146.7,40.35,1.628,117.85,13.25,44.47,MFG-0227.png,0,Normal
MFG-1341,BATCH-027,840.73,122.16,3308.6,44.14,1.481,169.0,16.1,47.67,MFG-1341.png,0,Normal
MFG-1355,BATCH-028,822.11,135.43,3247.7,39.62,2.381,176.43,16.34,50.63,MFG-1355.png,0,Normal
MFG-0908,BATCH-019,802.14,120.27,3189.2,47.46,1.736,202.77,13.75,49.36,MFG-0908.png,3,Tool Scuffing
MFG-1431,BATCH-029,789.23,129.12,3232.3,41.56,2.662,208.94,13.73,54.6,MFG-1431.png,3,Tool Scuffing
MFG-0382,BATCH-008,842.88,119.08,3159.2,41.5,1.565,186.78,13.73,50.58,MFG-0382.png,0,Normal
MFG-0087,BATCH-002,805.64,128.06,3165.9,40.31,1.812,59.4,15.38,53.85,MFG-0087.png,0,Normal
MFG-0651,BATCH-014,822.08,102.35,3163.2,41.72,1.308,90.3,15.56,55.15,MFG-0651.png,0,Normal
MFG-0803,BATCH-017,836.21,131.13,3448.8,38.31,1.471,152.86,15.07,48.19,MFG-0803.png,0,Normal
MFG-0587,BATCH-012,821.47,131.12,3174.9,40.33,1.594,57.81,15.25,45.06,MFG-0587.png,0,Normal
MFG-1054,BATCH-022,822.4,97.06,3199.0,39.58,1.601,43.43,15.41,46.16,MFG-1054.png,0,Normal
MFG-0256,BATCH-006,823.09,115.05,3008.4,46.32,1.621,136.49,15.2,45.22,MFG-0256.png,0,Normal
MFG-1194,BATCH-024,828.35,136.47,2927.3,46.75,1.863,104.03,13.19,41.19,MFG-1194.png,0,Normal
MFG-0295,BATCH-006,808.57,121.8,3044.3,44.75,1.497,149.59,12.38,46.46,MFG-0295.png,0,Normal
MFG-0687,BATCH-014,835.01,122.4,3178.8,41.87,1.859,102.58,16.71,41.36,MFG-0687.png,0,Normal
MFG-1108,BATCH-023,778.17,129.29,3056.6,43.3,1.876,69.11,13.76,58.12,MFG-1108.png,0,Normal
MFG-0774,BATCH-016,801.38,120.33,3348.2,43.13,1.368,142.47,19.51,49.38,MFG-0774.png,0,Normal
MFG-0474,BATCH-010,817.87,118.59,3003.2,42.26,1.563,8.9,11.35,50.88,MFG-0474.png,0,Normal
MFG-1457,BATCH-030,815.89,131.74,2972.7,45.16,1.653,5.0,14.25,53.63,MFG-1457.png,0,Normal
MFG-0801,BATCH-017,822.56,121.02,2931.9,48.26,2.213,152.9,15.18,55.97,MFG-0801.png,0,Normal
MFG-1235,BATCH-025,850.21,114.04,3194.3,44.37,1.941,124.74,14.12,49.52,MFG-1235.png,0,Normal
MFG-1390,BATCH-028,793.77,136.51,3076.8,42.01,1.189,192.75,15.38,53.27,MFG-1390.png,3,Tool Scuffing
MFG-0550,BATCH-011,837.19,124.13,3126.2,45.8,1.763,42.64,16.29,49.25,MFG-0550.png,0,Normal
MFG-0938,BATCH-019,828.83,113.72,3357.8,41.89,1.444,213.8,13.94,50.03,MFG-0938.png,3,Tool Scuffing
MFG-1058,BATCH-022,817.73,120.47,3099.7,43.68,1.386,46.36,16.79,55.7,MFG-1058.png,0,Normal
MFG-0094,BATCH-002,827.91,114.33,2957.4,49.94,1.577,60.81,18.31,47.92,MFG-0094.png,0,Normal
MFG-1280,BATCH-026,825.01,123.08,3292.4,41.58,1.809,141.96,16.25,47.09,MFG-1280.png,0,Normal
MFG-1426,BATCH-029,787.94,136.21,3048.3,42.88,2.002,204.2,15.84,48.58,MFG-1426.png,3,Tool Scuffing
MFG-1089,BATCH-022,852.05,133.95,3128.8,33.48,2.821,58.4,16.33,49.33,MFG-1089.png,0,Normal
MFG-1159,BATCH-024,823.4,141.04,3343.9,39.02,1.745,92.97,16.29,47.41,MFG-1159.png,0,Normal
MFG-1170,BATCH-024,829.11,106.48,2953.2,43.04,2.291,97.49,17.38,48.61,MFG-1170.png,0,Normal
MFG-1247,BATCH-025,822.99,123.27,3138.0,42.81,2.069,127.7,17.55,47.99,MFG-1247.png,0,Normal
MFG-0553,BATCH-012,846.86,141.58,3055.3,38.31,1.795,45.58,14.27,42.95,MFG-0553.png,2,Micro Void
MFG-1127,BATCH-023,818.26,112.09,3143.8,42.5,1.791,76.31,15.63,50.7,MFG-1127.png,0,Normal
MFG-1476,BATCH-030,834.09,124.15,3088.5,45.19,1.691,6.29,13.95,48.52,MFG-1476.png,0,Normal
MFG-1022,BATCH-021,804.36,126.6,3128.8,38.81,1.534,27.95,14.48,45.25,MFG-1022.png,0,Normal
MFG-0367,BATCH-008,841.75,126.52,3316.2,43.79,1.584,183.54,15.53,48.25,MFG-0367.png,0,Normal
MFG-0144,BATCH-003,793.55,123.04,2952.7,42.73,1.676,78.27,12.57,43.98,MFG-0144.png,0,Normal
MFG-0373,BATCH-008,828.96,127.79,3170.4,42.78,1.864,182.36,14.84,50.42,MFG-0373.png,0,Normal
MFG-0608,BATCH-013,807.35,125.22,3264.7,46.86,1.773,70.77,15.54,50.43,MFG-0608.png,0,Normal
MFG-0412,BATCH-009,808.15,107.92,3278.4,44.34,1.634,205.46,16.08,43.21,MFG-0412.png,3,Tool Scuffing
MFG-0051,BATCH-002,819.69,112.81,3099.6,42.49,1.962,43.12,16.88,52.33,MFG-0051.png,0,Normal
MFG-1419,BATCH-029,850.92,124.64,3206.2,53.65,2.104,207.59,17.49,46.73,MFG-1419.png,1,Surface Crack
MFG-1319,BATCH-027,824.48,113.36,2882.3,45.07,1.378,159.52,14.2,46.45,MFG-1319.png,0,Normal
MFG-0579,BATCH-012,842.63,118.3,3500.9,48.99,1.657,55.33,13.82,56.69,MFG-0579.png,3,Tool Scuffing
MFG-0130,BATCH-003,825.55,127.32,3290.7,43.76,1.872,77.38,13.79,45.09,MFG-0130.png,0,Normal
MFG-0477,BATCH-010,813.82,119.7,3015.8,43.11,1.708,9.74,15.3,48.02,MFG-0477.png,0,Normal
MFG-1385,BATCH-028,797.86,131.92,3165.1,40.42,1.755,190.04,15.81,64.21,MFG-1385.png,0,Normal
MFG-0943,BATCH-019,808.55,124.76,3153.1,40.09,1.788,217.86,14.66,49.25,MFG-0943.png,3,Tool Scuffing
MFG-1433,BATCH-029,811.58,116.53,3101.1,43.42,1.788,213.6,16.23,51.42,MFG-1433.png,3,Tool Scuffing
MFG-0551,BATCH-012,775.02,130.48,3318.3,44.83,1.787,43.4,14.75,50.9,MFG-0551.png,0,Normal
MFG-0895,BATCH-018,817.4,131.3,3206.2,45.55,1.103,193.54,13.92,50.71,MFG-0895.png,1,Surface Crack
MFG-1233,BATCH-025,826.56,135.0,3184.7,44.73,1.863,121.29,14.06,46.2,MFG-1233.png,0,Normal
MFG-0921,BATCH-019,828.92,126.28,3022.9,45.6,1.766,203.87,14.58,45.41,MFG-0921.png,3,Tool Scuffing
MFG-0681,BATCH-014,800.28,133.38,3245.8,38.94,1.381,99.56,15.41,40.01,MFG-0681.png,0,Normal
MFG-1270,BATCH-026,859.77,123.34,2949.1,48.17,1.414,140.27,16.39,47.51,MFG-1270.png,2,Micro Void
MFG-1369,BATCH-028,791.86,111.18,3099.8,42.24,1.81,184.38,17.47,49.96,MFG-1369.png,0,Normal
MFG-0084,BATCH-002,828.86,115.13,3070.4,41.29,1.879,60.2,13.7,58.06,MFG-0084.png,0,Normal
MFG-0108,BATCH-003,815.66,137.37,3323.9,39.7,1.545,71.73,13.26,47.82,MFG-0108.png,0,Normal
MFG-1403,BATCH-029,828.14,125.69,3083.5,44.11,1.848,198.37,17.89,45.91,MFG-1403.png,3,Tool Scuffing
MFG-0623,BATCH-013,833.64,129.89,3225.4,38.98,2.159,75.07,15.09,45.19,MFG-0623.png,0,Normal
MFG-0724,BATCH-015,832.69,118.3,3060.4,39.49,1.538,120.93,19.13,43.82,MFG-0724.png,0,Normal
MFG-1248,BATCH-025,804.64,132.59,3000.0,41.46,2.293,125.13,15.43,40.17,MFG-1248.png,0,Normal
MFG-0784,BATCH-016,806.34,138.45,3019.1,43.32,1.916,146.85,17.61,48.8,MFG-0784.png,0,Normal
MFG-0309,BATCH-007,838.72,125.73,3149.0,44.9,1.627,159.3,16.81,51.09,MFG-0309.png,0,Normal
MFG-0116,BATCH-003,813.77,124.79,3315.9,49.1,1.192,75.36,16.68,50.07,MFG-0116.png,0,Normal
MFG-0199,BATCH-004,827.88,140.35,3248.3,39.83,1.226,105.26,16.84,48.14,MFG-0199.png,0,Normal
MFG-1139,BATCH-023,790.01,128.36,3194.5,40.23,1.868,81.62,13.82,47.53,MFG-1139.png,0,Normal
MFG-0398,BATCH-008,826.18,133.48,3006.6,45.22,2.037,197.85,16.99,50.88,MFG-0398.png,3,Tool Scuffing
MFG-0311,BATCH-007,814.23,126.34,3062.2,49.88,1.614,159.11,16.28,46.27,MFG-0311.png,0,Normal
MFG-1226,BATCH-025,830.64,119.12,3026.4,39.37,2.128,123.77,16.44,51.54,MFG-1226.png,0,Normal
MFG-1197,BATCH-024,807.85,110.47,3121.5,44.32,2.155,105.56,14.88,42.44,MFG-1197.png,0,Normal
MFG-0385,BATCH-008,809.95,113.82,3099.0,47.69,1.842,187.78,15.54,51.45,MFG-0385.png,0,Normal
MFG-1401,BATCH-029,824.03,124.47,2998.5,42.4,1.335,199.01,15.32,45.14,MFG-1401.png,3,Tool Scuffing
MFG-0652,BATCH-014,778.2,114.85,3216.3,39.97,1.659,88.55,17.44,52.38,MFG-0652.png,0,Normal
MFG-0304,BATCH-007,787.8,113.63,3289.1,41.59,2.173,156.53,13.87,38.06,MFG-0304.png,0,Normal
MFG-1245,BATCH-025,826.13,118.85,3225.9,44.29,1.746,127.71,18.05,53.98,MFG-1245.png,0,Normal
MFG-0957,BATCH-020,865.55,118.52,3154.3,40.75,1.566,5.0,15.47,50.21,MFG-0957.png,2,Micro Void
MFG-0644,BATCH-013,828.38,116.47,3249.9,41.34,1.271,80.78,16.98,44.51,MFG-0644.png,0,Normal
MFG-0115,BATCH-003,806.65,103.04,3090.9,49.65,1.991,68.99,18.34,51.4,MFG-0115.png,0,Normal
MFG-0079,BATCH-002,822.31,129.1,3261.5,39.56,2.213,59.36,17.2,44.12,MFG-0079.png,0,Normal
MFG-0934,BATCH-019,782.22,120.3,3287.5,48.2,1.112,212.38,15.77,45.24,MFG-0934.png,3,Tool Scuffing
MFG-0989,BATCH-020,829.08,115.74,2999.7,42.37,1.88,15.35,14.19,50.3,MFG-0989.png,0,Normal
MFG-0044,BATCH-001,793.04,114.87,3152.4,44.74,2.05,39.03,15.88,47.48,MFG-0044.png,0,Normal
MFG-1046,BATCH-021,813.03,113.48,3259.9,40.72,2.115,42.07,16.23,47.64,MFG-1046.png,0,Normal
MFG-0440,BATCH-009,842.85,136.58,3168.5,47.11,2.063,215.7,17.57,46.67,MFG-0440.png,3,Tool Scuffing
MFG-1442,BATCH-029,835.23,113.11,3087.8,40.51,1.973,211.67,16.41,50.14,MFG-1442.png,3,Tool Scuffing
MFG-1461,BATCH-030,857.3,117.55,3096.4,46.52,1.499,5.0,13.48,51.12,MFG-1461.png,2,Micro Void
MFG-1001,BATCH-021,802.64,108.69,3234.5,43.15,2.01,19.52,16.8,43.22,MFG-1001.png,0,Normal
MFG-0006,BATCH-001,868.67,134.47,3315.7,40.38,1.141,23.32,15.91,48.27,MFG-0006.png,2,Micro Void
MFG-0153,BATCH-004,788.38,113.14,3037.6,42.62,2.034,89.32,12.75,48.87,MFG-0153.png,0,Normal
MFG-0064,BATCH-002,787.75,128.18,3107.0,50.23,2.054,48.05,14.92,48.37,MFG-0064.png,0,Normal
MFG-0278,BATCH-006,789.14,135.73,2931.5,44.65,1.939,140.28,16.95,41.75,MFG-0278.png,0,Normal
MFG-0337,BATCH-007,813.6,125.87,3115.4,41.32,1.676,169.35,15.62,55.83,MFG-0337.png,0,Normal
MFG-0531,BATCH-011,826.88,114.36,3204.6,50.84,1.869,34.3,14.85,45.5,MFG-0531.png,0,Normal
MFG-1201,BATCH-025,815.49,119.51,3129.6,43.43,2.137,108.99,16.55,46.62,MFG-1201.png,0,Normal
MFG-0181,BATCH-004,832.21,121.82,3213.1,40.93,1.841,100.77,17.11,53.3,MFG-0181.png,0,Normal
MFG-1031,BATCH-021,810.35,140.5,3123.4,41.43,1.724,34.36,17.13,40.98,MFG-1031.png,0,Normal
MFG-1405,BATCH-029,828.34,111.54,2991.0,40.03,1.53,201.91,14.53,44.64,MFG-1405.png,3,Tool Scuffing
MFG-0506,BATCH-011,839.86,133.21,3162.8,42.4,1.716,24.87,14.78,40.88,MFG-0506.png,0,Normal
MFG-0788,BATCH-016,835.05,116.91,3202.6,43.75,1.829,141.88,15.91,49.37,MFG-0788.png,0,Normal
MFG-1492,BATCH-030,818.49,120.35,3122.0,42.29,2.266,14.27,15.07,50.76,MFG-1492.png,0,Normal
MFG-0140,BATCH-003,832.62,121.15,2970.6,46.31,1.606,83.1,16.71,53.06,MFG-0140.png,0,Normal
MFG-0748,BATCH-015,800.46,115.88,3142.2,46.05,1.634,128.2,19.55,47.53,MFG-0748.png,0,Normal
MFG-0287,BATCH-006,793.12,135.2,3093.9,46.4,1.838,145.68,15.65,52.33,MFG-0287.png,0,Normal
MFG-0552,BATCH-012,826.54,125.63,3052.1,41.05,2.096,48.15,15.81,51.82,MFG-0552.png,0,Normal
MFG-0600,BATCH-012,806.12,105.49,3134.1,47.78,2.083,64.34,14.65,43.59,MFG-0600.png,0,Normal
MFG-1138,BATCH-023,817.46,136.38,3351.9,44.87,1.48,81.61,15.31,47.35,MFG-1138.png,0,Normal
MFG-1183,BATCH-024,843.74,112.98,3052.9,39.54,1.506,103.09,15.76,49.2,MFG-1183.png,0,Normal
MFG-1156,BATCH-024,804.98,121.01,2923.9,39.82,1.998,89.83,13.65,58.67,MFG-1156.png,0,Normal
MFG-1142,BATCH-023,812.8,113.07,3242.7,40.45,2.153,81.93,17.04,51.71,MFG-1142.png,0,Normal
MFG-0961,BATCH-020,834.95,105.96,3085.2,44.19,1.963,5.0,15.45,45.34,MFG-0961.png,0,Normal
MFG-1440,BATCH-029,789.56,116.52,3159.4,45.58,1.623,211.23,16.26,47.45,MFG-1440.png,3,Tool Scuffing
MFG-0982,BATCH-020,829.1,109.57,3224.7,44.23,2.217,13.01,14.05,45.41,MFG-0982.png,0,Normal
MFG-0778,BATCH-016,843.22,125.79,3115.6,43.58,0.994,143.89,14.83,50.31,MFG-0778.png,0,Normal
MFG-1079,BATCH-022,814.89,128.46,3115.7,44.35,2.179,55.79,15.57,58.12,MFG-1079.png,0,Normal
MFG-0827,BATCH-017,814.25,124.06,3110.1,45.91,1.945,166.67,13.27,51.53,MFG-0827.png,0,Normal
MFG-1091,BATCH-022,805.85,121.22,2945.0,45.36,1.956,60.95,18.93,46.03,MFG-1091.png,0,Normal
MFG-1353,BATCH-028,828.54,129.25,3177.0,48.41,1.578,175.65,15.82,40.77,MFG-1353.png,0,Normal
MFG-1481,BATCH-030,826.93,123.15,3418.8,48.33,1.767,13.66,17.63,51.94,MFG-1481.png,0,Normal
MFG-0399,BATCH-008,804.74,120.06,3384.9,45.52,1.081,195.21,17.41,46.66,MFG-0399.png,3,Tool Scuffing
MFG-1124,BATCH-023,828.21,120.27,3054.7,46.27,1.542,76.44,15.72,51.01,MFG-1124.png,0,Normal
MFG-1326,BATCH-027,803.13,124.31,3091.5,50.73,1.717,161.69,15.53,50.25,MFG-1326.png,0,Normal
MFG-0556,BATCH-012,835.3,127.4,3099.6,41.52,2.046,41.24,14.58,49.09,MFG-0556.png,0,Normal
MFG-1145,BATCH-023,874.4,113.87,3273.4,46.57,1.605,86.85,16.15,51.23,MFG-1145.png,2,Micro Void
MFG-0391,BATCH-008,799.24,106.97,3201.9,46.27,1.746,190.67,13.96,51.03,MFG-0391.png,0,Normal
MFG-0706,BATCH-015,830.85,121.28,3289.2,43.62,1.507,109.2,15.86,45.58,MFG-0706.png,0,Normal
MFG-1153,BATCH-024,824.45,136.37,3020.6,41.64,2.054,88.17,17.28,48.13,MFG-1153.png,0,Normal
MFG-0850,BATCH-017,823.31,116.19,3195.0,46.54,1.992,173.47,14.47,51.75,MFG-0850.png,0,Normal
MFG-0264,BATCH-006,832.76,122.9,3205.8,45.86,2.235,134.98,14.68,48.8,MFG-0264.png,0,Normal
MFG-1274,BATCH-026,803.67,117.39,3323.2,44.76,2.083,143.95,12.86,50.7,MFG-1274.png,0,Normal
MFG-0547,BATCH-011,848.06,131.0,3052.4,46.56,1.5,39.18,16.9,47.95,MFG-0547.png,0,Normal
MFG-0923,BATCH-019,822.76,126.81,3076.3,46.26,1.735,206.08,16.06,43.81,MFG-0923.png,3,Tool Scuffing
MFG-1392,BATCH-028,812.66,110.67,3033.9,41.01,1.696,191.82,15.02,52.18,MFG-1392.png,3,Tool Scuffing
MFG-0967,BATCH-020,811.72,136.25,3117.5,46.25,1.728,8.61,17.45,45.72,MFG-0967.png,0,Normal
MFG-0280,BATCH-006,790.29,111.48,3074.1,41.86,2.018,143.63,17.45,47.89,MFG-0280.png,0,Normal
MFG-1114,BATCH-023,817.89,132.75,3088.7,42.72,1.544,73.0,14.6,49.38,MFG-1114.png,0,Normal
MFG-0390,BATCH-008,840.51,118.27,3165.6,42.95,1.761,190.84,16.72,43.87,MFG-0390.png,0,Normal
MFG-0984,BATCH-020,798.8,133.81,2974.7,44.92,1.846,14.71,15.62,50.07,MFG-0984.png,0,Normal
MFG-0621,BATCH-013,819.17,118.09,3327.5,39.55,2.216,73.69,15.31,52.72,MFG-0621.png,0,Normal
MFG-0263,BATCH-006,821.48,112.73,3091.0,38.34,1.595,138.2,17.66,57.74,MFG-0263.png,0,Normal
MFG-0830,BATCH-017,804.15,122.76,3080.9,41.47,1.709,169.39,16.51,48.39,MFG-0830.png,0,Normal
MFG-1129,BATCH-023,812.55,126.6,3355.8,42.51,1.511,75.34,15.26,46.27,MFG-1129.png,0,Normal
MFG-1164,BATCH-024,832.6,114.42,3170.3,51.34,1.593,97.4,15.02,54.29,MFG-1164.png,0,Normal
MFG-0319,BATCH-007,807.3,121.64,3326.9,39.15,2.059,162.54,13.26,49.28,MFG-0319.png,0,Normal
MFG-0824,BATCH-017,808.97,110.63,3141.0,41.71,1.349,165.67,15.39,49.11,MFG-0824.png,0,Normal
MFG-1064,BATCH-022,834.25,135.02,3070.3,40.67,2.262,50.32,14.43,43.49,MFG-1064.png,0,Normal
MFG-1005,BATCH-021,773.65,119.32,3120.0,44.38,2.185,22.75,17.13,45.06,MFG-1005.png,0,Normal
MFG-0254,BATCH-006,814.86,117.89,2974.8,45.49,1.572,131.46,14.25,50.19,MFG-0254.png,0,Normal
MFG-1157,BATCH-024,816.47,120.21,3299.0,41.62,1.681,92.91,15.87,50.22,MFG-1157.png,0,Normal
MFG-0277,BATCH-006,849.34,114.09,3258.9,39.18,2.0,138.09,15.39,54.79,MFG-0277.png,0,Normal
MFG-0518,BATCH-011,827.98,138.16,3297.1,51.52,1.791,24.57,13.08,41.43,MFG-0518.png,0,Normal
MFG-0460,BATCH-010,813.3,143.27,3301.9,44.32,2.237,5.0,15.9,48.63,MFG-0460.png,2,Micro Void
MFG-0099,BATCH-002,841.63,121.09,3046.8,40.87,1.941,65.28,18.36,51.97,MFG-0099.png,0,Normal
MFG-1028,BATCH-021,826.71,122.51,3365.3,40.52,1.223,31.49,13.94,53.56,MFG-1028.png,0,Normal
MFG-1216,BATCH-025,825.21,127.69,3436.1,37.89,1.769,116.5,15.08,59.42,MFG-1216.png,0,Normal
MFG-1044,BATCH-021,816.73,118.71,3069.9,45.5,2.14,39.43,16.22,45.08,MFG-1044.png,0,Normal
MFG-0537,BATCH-011,829.11,119.72,3391.9,39.6,1.392,35.83,15.64,52.46,MFG-0537.png,0,Normal
MFG-0891,BATCH-018,800.66,122.99,3326.5,49.22,1.715,192.92,12.83,38.3,MFG-0891.png,1,Surface Crack
MFG-0323,BATCH-007,803.31,115.61,3011.7,38.22,1.619,161.21,16.32,44.76,MFG-0323.png,0,Normal
MFG-1209,BATCH-025,813.4,108.7,3000.2,43.94,1.014,112.86,14.76,51.18,MFG-1209.png,0,Normal
MFG-1318,BATCH-027,829.39,132.79,3133.4,46.91,1.537,165.27,15.75,54.62,MFG-1318.png,0,Normal
MFG-0253,BATCH-006,838.65,133.08,3141.0,42.45,1.922,133.85,14.75,50.29,MFG-0253.png,0,Normal
MFG-0583,BATCH-012,846.47,122.28,2982.8,39.93,1.644,60.92,17.56,55.17,MFG-0583.png,0,Normal
MFG-0106,BATCH-003,814.52,119.22,3200.0,43.36,1.364,71.04,14.3,46.21,MFG-0106.png,0,Normal
MFG-0951,BATCH-020,815.54,114.63,3170.0,39.22,1.794,5.0,14.15,52.04,MFG-0951.png,0,Normal
MFG-0483,BATCH-010,815.71,108.34,2952.0,52.73,1.465,12.3,16.73,48.33,MFG-0483.png,0,Normal
MFG-0629,BATCH-013,791.63,133.97,3217.8,43.42,1.789,75.09,17.09,54.09,MFG-0629.png,0,Normal
MFG-0725,BATCH-015,813.12,125.58,3258.3,45.6,1.975,119.88,16.8,46.32,MFG-0725.png,0,Normal
MFG-0886,BATCH-018,845.32,121.22,3264.4,44.54,1.525,187.92,15.43,53.94,MFG-0886.png,0,Normal
MFG-0502,BATCH-011,833.6,99.15,3080.4,45.4,1.612,23.84,14.5,42.54,MFG-0502.png,0,Normal
MFG-1453,BATCH-030,800.08,101.0,3196.6,36.97,1.187,5.0,16.87,51.96,MFG-1453.png,0,Normal
MFG-0802,BATCH-017,811.67,126.55,2998.7,43.96,1.932,152.99,16.24,54.5,MFG-0802.png,0,Normal
MFG-1034,BATCH-021,785.93,122.08,3344.9,46.72,1.731,36.27,14.47,45.71,MFG-1034.png,0,Normal
MFG-0030,BATCH-001,830.35,143.04,3178.0,46.9,1.923,35.76,16.28,44.87,MFG-0030.png,2,Micro Void
MFG-0325,BATCH-007,813.04,142.51,2995.9,46.85,1.997,164.81,12.42,46.47,MFG-0325.png,2,Micro Void
MFG-0640,BATCH-013,811.73,121.18,3138.5,43.55,1.868,84.28,13.91,42.82,MFG-0640.png,0,Normal
MFG-0384,BATCH-008,818.32,113.62,3085.6,48.99,1.329,190.69,15.03,50.84,MFG-0384.png,1,Surface Crack
MFG-0668,BATCH-014,815.8,122.51,3172.7,43.27,1.723,94.93,15.92,54.82,MFG-0668.png,0,Normal
MFG-1025,BATCH-021,850.15,131.38,3241.3,49.2,1.611,33.25,16.22,52.41,MFG-1025.png,0,Normal
MFG-1320,BATCH-027,827.16,101.72,3082.9,41.79,1.596,162.6,16.07,51.59,MFG-1320.png,0,Normal
MFG-0466,BATCH-010,818.81,110.54,3056.6,47.39,1.502,6.79,15.63,44.46,MFG-0466.png,0,Normal
MFG-0804,BATCH-017,820.31,116.55,3040.2,44.51,1.673,155.8,16.98,50.93,MFG-0804.png,0,Normal
MFG-0136,BATCH-003,838.24,104.27,3127.8,43.17,1.181,78.02,16.1,45.51,MFG-0136.png,0,Normal
MFG-1181,BATCH-024,806.81,134.15,3094.3,46.41,1.42,99.05,13.2,50.79,MFG-1181.png,0,Normal
MFG-0104,BATCH-003,824.47,127.27,2924.7,42.63,1.305,63.13,15.43,39.91,MFG-0104.png,0,Normal
MFG-0517,BATCH-011,839.8,133.47,3239.1,46.71,2.394,24.25,16.49,48.37,MFG-0517.png,0,Normal
MFG-0619,BATCH-013,836.05,97.41,3186.5,41.71,1.577,75.25,16.29,46.16,MFG-0619.png,0,Normal
MFG-1074,BATCH-022,821.73,97.58,3096.7,46.64,1.398,50.79,17.37,45.49,MFG-1074.png,0,Normal
MFG-0905,BATCH-019,834.08,116.04,2896.2,46.48,1.877,198.83,16.91,50.52,MFG-0905.png,1,Surface Crack
MFG-0404,BATCH-009,845.23,116.27,3016.9,46.15,1.402,201.24,17.12,47.29,MFG-0404.png,3,Tool Scuffing
MFG-1302,BATCH-027,793.89,138.3,3091.1,48.01,1.878,152.77,15.05,52.17,MFG-1302.png,0,Normal
MFG-0572,BATCH-012,832.9,123.35,3238.2,41.37,1.615,53.56,16.93,45.26,MFG-0572.png,0,Normal
MFG-0525,BATCH-011,834.8,123.62,3051.8,44.08,2.132,31.72,16.99,56.87,MFG-0525.png,0,Normal
MFG-0593,BATCH-012,833.32,123.43,2860.6,42.45,1.257,59.15,13.96,54.53,MFG-0593.png,0,Normal
MFG-1036,BATCH-021,780.54,111.67,3243.7,41.65,1.611,34.06,16.99,56.72,MFG-1036.png,0,Normal
MFG-1278,BATCH-026,822.27,116.83,3102.8,45.72,1.727,143.3,19.04,50.02,MFG-1278.png,0,Normal
MFG-0175,BATCH-004,836.94,104.67,2940.9,43.21,1.525,101.46,18.26,54.84,MFG-0175.png,0,Normal
MFG-0120,BATCH-003,818.44,115.21,2922.8,47.42,1.872,74.9,16.06,42.2,MFG-0120.png,0,Normal
MFG-0055,BATCH-002,827.89,110.55,3255.1,40.16,1.751,43.97,14.75,56.71,MFG-0055.png,0,Normal
MFG-1402,BATCH-029,829.65,121.11,3030.6,41.14,1.803,198.93,16.77,47.97,MFG-1402.png,3,Tool Scuffing
MFG-0275,BATCH-006,803.99,124.53,3199.0,47.81,1.335,141.07,13.78,49.42,MFG-0275.png,0,Normal
MFG-0032,BATCH-001,846.94,102.41,3191.1,44.75,2.235,35.43,16.89,48.1,MFG-0032.png,0,Normal
MFG-0822,BATCH-017,807.31,121.64,3149.7,48.99,1.688,162.62,14.91,51.72,MFG-0822.png,0,Normal
MFG-1229,BATCH-025,834.03,125.1,3196.7,45.33,1.76,120.68,14.84,49.41,MFG-1229.png,0,Normal
MFG-1072,BATCH-022,821.54,132.55,3151.2,49.9,1.865,50.9,16.31,52.37,MFG-1072.png,0,Normal
MFG-0794,BATCH-016,825.68,105.98,3128.4,42.15,1.94,149.24,13.35,46.48,MFG-0794.png,0,Normal
MFG-1343,BATCH-027,821.06,130.95,3163.1,44.16,2.133,166.72,14.87,48.31,MFG-1343.png,0,Normal
MFG-1075,BATCH-022,812.17,121.41,3215.7,46.26,1.285,52.47,18.64,48.16,MFG-1075.png,0,Normal
MFG-1357,BATCH-028,772.24,122.73,3206.8,44.75,1.81,177.74,16.19,55.65,MFG-1357.png,0,Normal
MFG-0089,BATCH-002,819.53,134.24,3017.7,42.73,1.769,60.27,15.78,47.93,MFG-0089.png,0,Normal
MFG-0347,BATCH-007,818.8,117.0,3373.0,40.42,1.298,174.04,15.45,49.58,MFG-0347.png,0,Normal
MFG-1315,BATCH-027,784.05,100.48,2900.5,46.3,1.654,159.03,11.91,41.58,MFG-1315.png,0,Normal
MFG-0610,BATCH-013,826.8,105.26,3142.4,45.5,2.046,68.58,16.09,45.03,MFG-0610.png,0,Normal
MFG-1043,BATCH-021,826.74,123.82,3214.5,47.53,1.748,34.71,17.22,48.81,MFG-1043.png,0,Normal
MFG-0339,BATCH-007,813.18,128.22,3283.5,43.29,2.073,174.71,16.82,44.99,MFG-0339.png,0,Normal
MFG-0292,BATCH-006,826.46,110.71,2938.0,45.09,1.467,149.4,13.89,41.6,MFG-0292.png,0,Normal
MFG-0458,BATCH-010,815.4,146.92,3103.2,45.81,2.126,5.0,16.25,51.38,MFG-0458.png,2,Micro Void
MFG-1029,BATCH-021,805.7,121.61,2978.8,41.9,1.85,30.46,14.12,42.16,MFG-1029.png,0,Normal
MFG-1445,BATCH-029,838.97,128.28,3122.1,44.8,1.107,215.81,14.1,54.02,MFG-1445.png,3,Tool Scuffing
MFG-0397,BATCH-008,836.21,127.9,3171.2,41.88,2.231,194.17,15.09,56.85,MFG-0397.png,3,Tool Scuffing
MFG-0847,BATCH-017,848.17,122.18,3101.1,48.55,2.02,177.48,16.99,48.18,MFG-0847.png,0,Normal
MFG-0121,BATCH-003,847.22,133.97,3265.1,42.47,2.355,76.05,14.38,48.7,MFG-0121.png,0,Normal
MFG-1050,BATCH-021,777.62,115.18,3235.7,48.06,1.853,41.9,17.05,45.7,MFG-1050.png,0,Normal
MFG-0990,BATCH-020,795.41,121.59,2940.0,37.29,1.915,14.96,14.8,56.86,MFG-0990.png,0,Normal
MFG-0873,BATCH-018,822.7,141.81,3129.3,41.01,1.95,183.83,14.15,39.2,MFG-0873.png,0,Normal
MFG-0884,BATCH-018,794.06,138.51,2980.6,48.06,1.31,187.93,15.59,46.49,MFG-0884.png,1,Surface Crack
MFG-0378,BATCH-008,849.3,118.67,3071.8,40.13,1.7,188.1,12.41,50.49,MFG-0378.png,0,Normal
MFG-0670,BATCH-014,818.56,120.36,3027.9,43.69,1.879,97.45,15.17,39.93,MFG-0670.png,0,Normal
MFG-1413,BATCH-029,817.39,132.58,3209.0,43.56,1.492,204.8,17.23,52.07,MFG-1413.png,3,Tool Scuffing
MFG-0312,BATCH-007,830.86,114.58,3095.5,37.93,1.969,156.71,17.13,52.5,MFG-0312.png,0,Normal
MFG-0631,BATCH-013,805.85,131.9,3046.5,39.92,1.763,77.22,15.53,48.79,MFG-0631.png,0,Normal
MFG-0636,BATCH-013,817.92,120.54,3245.3,48.09,2.182,78.84,17.24,51.33,MFG-0636.png,0,Normal
MFG-0697,BATCH-014,806.25,120.81,3275.6,40.41,2.333,107.53,14.86,45.55,MFG-0697.png,0,Normal
MFG-0705,BATCH-015,798.6,121.98,3150.3,37.4,1.89,112.24,14.89,52.32,MFG-0705.png,0,Normal
MFG-0395,BATCH-008,812.19,125.92,3386.7,43.2,1.207,192.27,14.98,56.88,MFG-0395.png,3,Tool Scuffing
MFG-0544,BATCH-011,853.31,113.44,3147.7,42.59,1.546,40.05,15.96,57.85,MFG-0544.png,2,Micro Void
MFG-1106,BATCH-023,840.57,133.53,3157.3,37.29,1.947,67.9,17.43,53.73,MFG-1106.png,0,Normal
MFG-0820,BATCH-017,832.82,109.5,3222.4,40.67,2.082,161.77,15.84,46.9,MFG-0820.png,0,Normal
MFG-1134,BATCH-023,804.56,128.46,3233.1,47.57,1.661,81.55,15.68,43.22,MFG-1134.png,0,Normal
MFG-0194,BATCH-004,821.74,125.59,3033.7,41.02,1.865,103.95,13.81,53.79,MFG-0194.png,0,Normal
MFG-1290,BATCH-026,800.24,118.63,3081.9,47.34,1.328,148.72,18.25,47.2,MFG-1290.png,0,Normal
MFG-0666,BATCH-014,784.06,120.21,3092.2,45.2,1.252,92.5,20.47,46.61,MFG-0666.png,0,Normal
MFG-0582,BATCH-012,829.48,128.98,3204.2,45.47,0.807,54.83,17.03,58.52,MFG-0582.png,0,Normal
MFG-0532,BATCH-011,833.68,141.68,3131.1,51.09,2.202,35.5,13.96,49.39,MFG-0532.png,0,Normal
MFG-0193,BATCH-004,810.11,110.44,3352.3,39.99,1.524,103.16,16.43,46.43,MFG-0193.png,0,Normal
MFG-1424,BATCH-029,842.04,119.48,2918.6,46.35,1.323,207.64,14.43,47.98,MFG-1424.png,3,Tool Scuffing
MFG-1438,BATCH-029,801.95,120.4,3192.5,38.46,2.219,209.89,17.42,58.48,MFG-1438.png,3,Tool Scuffing
MFG-0368,BATCH-008,839.53,137.66,3043.7,45.39,1.896,186.47,15.45,45.75,MFG-0368.png,0,Normal
MFG-0464,BATCH-010,843.96,114.58,3170.7,42.73,1.743,6.03,15.76,53.68,MFG-0464.png,0,Normal
MFG-0771,BATCH-016,839.15,126.76,3019.8,43.16,1.716,140.52,14.61,44.58,MFG-0771.png,0,Normal
MFG-0036,BATCH-001,807.93,122.61,3133.8,43.36,1.688,34.58,16.07,51.56,MFG-0036.png,0,Normal
MFG-1490,BATCH-030,825.12,130.69,3201.7,46.56,2.136,13.93,15.96,47.06,MFG-1490.png,0,Normal
MFG-0948,BATCH-019,827.34,127.28,3091.6,46.65,1.556,218.18,15.43,44.28,MFG-0948.png,3,Tool Scuffing
MFG-0247,BATCH-005,818.29,114.72,3147.5,46.51,1.433,128.09,17.01,51.89,MFG-0247.png,0,Normal
MFG-0038,BATCH-001,814.29,118.74,2969.3,38.93,1.849,39.39,15.02,47.4,MFG-0038.png,0,Normal
MFG-0388,BATCH-008,817.25,121.74,3344.6,43.21,1.788,191.88,16.41,49.79,MFG-0388.png,3,Tool Scuffing
MFG-1015,BATCH-021,811.62,132.68,3091.6,43.84,1.988,25.17,17.11,55.38,MFG-1015.png,0,Normal
MFG-0673,BATCH-014,831.21,122.85,3266.4,45.35,1.78,95.85,15.75,50.72,MFG-0673.png,0,Normal
MFG-0734,BATCH-015,818.41,129.39,3205.8,45.51,2.129,124.54,15.56,40.3,MFG-0734.png,0,Normal
MFG-0546,BATCH-011,799.43,118.64,3300.3,40.86,1.709,43.03,17.53,47.18,MFG-0546.png,0,Normal
MFG-0065,BATCH-002,813.95,132.22,3004.8,44.58,2.012,49.43,16.51,49.71,MFG-0065.png,0,Normal
MFG-1415,BATCH-029,795.87,120.51,2943.1,45.4,1.58,203.58,13.42,52.64,MFG-1415.png,3,Tool Scuffing
MFG-0863,BATCH-018,814.18,126.52,3132.1,37.52,1.554,180.66,14.58,48.34,MFG-0863.png,0,Normal
MFG-0419,BATCH-009,817.32,117.08,3140.7,42.31,2.049,205.74,15.62,53.72,MFG-0419.png,3,Tool Scuffing
MFG-0252,BATCH-006,794.14,111.77,3184.4,45.42,2.094,132.09,17.73,53.45,MFG-0252.png,0,Normal
MFG-1193,BATCH-024,818.96,120.83,3392.3,44.84,2.308,108.86,15.96,51.52,MFG-1193.png,0,Normal
MFG-1179,BATCH-024,805.3,121.43,3214.1,41.15,1.631,96.04,14.97,45.94,MFG-1179.png,0,Normal
MFG-0432,BATCH-009,810.99,110.65,3213.2,43.06,1.821,209.87,17.77,55.13,MFG-0432.png,3,Tool Scuffing
MFG-0046,BATCH-001,821.59,120.2,2990.4,42.15,1.441,40.65,14.11,50.89,MFG-0046.png,0,Normal
MFG-0306,BATCH-007,815.57,128.17,3147.2,48.16,1.846,156.59,16.02,50.69,MFG-0306.png,0,Normal
MFG-1296,BATCH-026,820.08,119.24,3182.7,45.16,1.733,150.36,15.84,57.41,MFG-1296.png,0,Normal
MFG-0088,BATCH-002,816.65,130.71,3086.8,46.64,1.67,59.34,13.97,43.57,MFG-0088.png,0,Normal
MFG-0203,BATCH-005,825.25,114.01,3114.2,49.66,1.952,112.41,16.57,51.15,MFG-0203.png,0,Normal
MFG-1125,BATCH-023,828.95,135.61,3073.8,38.82,1.988,75.61,15.96,43.96,MFG-1125.png,0,Normal
MFG-0123,BATCH-003,809.82,123.79,3175.6,49.24,1.706,73.74,14.77,48.76,MFG-0123.png,0,Normal
MFG-0904,BATCH-019,819.82,121.09,3182.9,48.44,2.127,198.63,16.99,48.42,MFG-0904.png,3,Tool Scuffing
MFG-0178,BATCH-004,802.24,109.75,3050.4,42.14,1.774,100.05,15.83,41.92,MFG-0178.png,0,Normal
MFG-0515,BATCH-011,833.05,129.31,3082.1,43.87,1.677,26.9,16.15,55.35,MFG-0515.png,0,Normal
MFG-0842,BATCH-017,797.49,113.86,3424.0,45.81,1.553,171.62,11.88,47.49,MFG-0842.png,0,Normal
MFG-1047,BATCH-021,835.46,111.27,3276.0,42.57,1.765,39.06,15.54,54.1,MFG-1047.png,0,Normal
MFG-1169,BATCH-024,846.28,128.41,3051.3,44.83,1.976,92.68,12.92,43.66,MFG-1169.png,0,Normal
MFG-0139,BATCH-003,794.7,124.72,3353.8,43.63,1.688,79.87,16.28,54.77,MFG-0139.png,0,Normal
MFG-1103,BATCH-023,822.88,115.7,3034.5,49.23,2.128,69.58,14.13,52.9,MFG-1103.png,0,Normal
MFG-1378,BATCH-028,811.47,116.14,3108.4,35.2,1.445,189.63,16.6,38.27,MFG-1378.png,0,Normal
MFG-1388,BATCH-028,805.37,131.23,3210.0,38.7,1.145,193.31,19.64,55.02,MFG-1388.png,3,Tool Scuffing
MFG-0246,BATCH-005,792.35,127.93,3244.7,46.56,2.13,127.56,13.41,49.74,MFG-0246.png,0,Normal
MFG-1477,BATCH-030,818.32,128.53,3175.1,43.83,1.321,11.32,14.33,54.69,MFG-1477.png,0,Normal
MFG-1033,BATCH-021,831.1,128.19,2930.7,49.4,2.312,33.97,15.68,51.37,MFG-1033.png,0,Normal
MFG-1350,BATCH-027,835.79,135.79,2991.0,42.36,1.656,175.19,16.04,53.2,MFG-1350.png,0,Normal
MFG-1398,BATCH-028,817.81,129.3,3065.7,41.18,1.663,190.82,14.86,40.67,MFG-1398.png,3,Tool Scuffing
MFG-0028,BATCH-001,829.53,122.34,3145.3,41.78,1.901,35.62,15.66,55.75,MFG-0028.png,0,Normal
MFG-1305,BATCH-027,783.41,118.67,3232.6,50.34,1.989,150.23,15.61,44.01,MFG-1305.png,0,Normal
MFG-0403,BATCH-009,835.91,112.49,2868.3,38.78,1.831,198.7,13.91,45.9,MFG-0403.png,3,Tool Scuffing
MFG-1337,BATCH-027,847.87,124.2,3186.0,46.51,1.466,168.1,13.71,52.11,MFG-1337.png,0,Normal
MFG-0314,BATCH-007,807.66,124.91,3179.4,44.17,1.656,158.97,15.13,55.22,MFG-0314.png,0,Normal
MFG-1377,BATCH-028,792.62,134.28,3108.1,39.45,1.104,187.58,16.15,53.75,MFG-1377.png,0,Normal
MFG-0840,BATCH-017,836.31,120.43,3343.3,48.06,1.488,172.52,16.08,48.86,MFG-0840.png,0,Normal
MFG-0609,BATCH-013,838.23,110.7,3132.3,50.57,1.505,71.15,16.45,50.04,MFG-0609.png,0,Normal
MFG-0729,BATCH-015,834.43,115.6,3135.6,46.33,1.837,118.85,16.38,49.05,MFG-0729.png,0,Normal
MFG-1447,BATCH-029,799.59,114.39,3291.0,42.54,1.936,217.94,17.19,46.84,MFG-1447.png,3,Tool Scuffing
MFG-1049,BATCH-021,786.83,119.19,3083.1,46.74,1.86,40.12,16.42,48.43,MFG-1049.png,0,Normal
MFG-1071,BATCH-022,852.4,122.82,3160.8,44.69,1.708,51.96,15.24,53.66,MFG-1071.png,0,Normal
MFG-0674,BATCH-014,800.4,127.15,3190.8,42.21,1.556,98.29,14.24,55.84,MFG-0674.png,0,Normal
MFG-1430,BATCH-029,810.06,119.38,3119.3,43.0,1.97,205.73,13.49,49.1,MFG-1430.png,3,Tool Scuffing
MFG-1021,BATCH-021,816.01,131.85,3094.6,49.89,1.742,31.81,14.92,54.24,MFG-1021.png,0,Normal
MFG-0894,BATCH-018,798.9,130.81,3457.4,46.05,1.84,193.54,16.84,48.33,MFG-0894.png,3,Tool Scuffing
MFG-0928,BATCH-019,789.28,130.63,3073.5,50.7,1.773,209.16,14.22,53.71,MFG-0928.png,1,Surface Crack
MFG-0413,BATCH-009,831.24,98.07,3225.7,42.18,1.633,202.72,13.88,42.23,MFG-0413.png,3,Tool Scuffing
MFG-1333,BATCH-027,816.76,124.35,3374.1,43.07,2.016,168.38,15.16,48.4,MFG-1333.png,0,Normal
MFG-1256,BATCH-026,851.64,127.19,3221.2,39.85,1.839,130.96,16.34,42.0,MFG-1256.png,0,Normal
MFG-0022,BATCH-001,805.78,123.13,3141.8,41.3,1.449,31.8,11.68,53.16,MFG-0022.png,0,Normal
MFG-0704,BATCH-015,798.91,114.9,3183.7,42.0,1.941,113.93,15.94,46.17,MFG-0704.png,0,Normal
MFG-0224,BATCH-005,804.21,126.44,3090.8,43.11,2.246,122.39,17.85,57.72,MFG-0224.png,0,Normal
MFG-1346,BATCH-027,821.39,125.34,3118.1,44.21,1.79,171.15,14.14,48.96,MFG-1346.png,0,Normal
MFG-1205,BATCH-025,779.01,130.2,2974.9,41.05,1.753,111.37,14.75,48.16,MFG-1205.png,0,Normal
MFG-1212,BATCH-025,795.6,111.96,3180.2,41.9,1.593,113.59,16.72,51.59,MFG-1212.png,0,Normal
MFG-1448,BATCH-029,803.93,126.4,3088.9,47.66,2.111,217.8,14.04,51.56,MFG-1448.png,3,Tool Scuffing
MFG-0060,BATCH-002,833.84,124.98,3129.7,45.7,1.549,49.6,17.94,47.46,MFG-0060.png,0,Normal
MFG-0799,BATCH-016,820.32,127.23,3293.7,45.37,2.371,149.67,16.14,55.49,MFG-0799.png,0,Normal
MFG-0392,BATCH-008,810.57,124.12,3143.9,43.37,2.079,192.74,15.79,48.5,MFG-0392.png,3,Tool Scuffing
MFG-0896,BATCH-018,832.66,130.02,3351.8,44.08,1.76,192.53,15.72,37.53,MFG-0896.png,3,Tool Scuffing
MFG-0298,BATCH-006,785.99,121.41,3159.7,36.35,1.71,149.59,15.4,51.81,MFG-0298.png,0,Normal
MFG-0950,BATCH-019,824.65,134.14,3190.6,38.51,1.882,216.47,17.15,54.27,MFG-0950.png,3,Tool Scuffing
MFG-1474,BATCH-030,806.49,126.95,3161.9,45.82,1.827,8.97,12.54,54.51,MFG-1474.png,0,Normal
MFG-1221,BATCH-025,810.45,126.25,3152.4,51.3,0.927,115.32,13.58,49.03,MFG-1221.png,0,Normal
MFG-0676,BATCH-014,829.41,113.36,3207.7,43.39,2.069,99.74,16.02,45.38,MFG-0676.png,0,Normal
MFG-0855,BATCH-018,798.55,120.63,3232.4,44.68,1.706,178.55,15.51,44.51,MFG-0855.png,0,Normal
MFG-1068,BATCH-022,855.11,122.57,3179.2,46.19,1.84,53.08,14.55,41.19,MFG-1068.png,2,Micro Void
MFG-0085,BATCH-002,843.19,129.05,3248.6,44.84,1.754,56.88,17.72,45.87,MFG-0085.png,0,Normal
MFG-0715,BATCH-015,843.01,122.86,3054.5,46.42,1.246,116.75,17.25,49.83,MFG-0715.png,0,Normal
MFG-0217,BATCH-005,869.64,124.15,3232.5,45.67,1.11,113.9,16.74,41.65,MFG-0217.png,2,Micro Void
MFG-1498,BATCH-030,801.7,128.41,2996.6,43.43,1.768,19.98,17.89,51.18,MFG-1498.png,0,Normal
MFG-1488,BATCH-030,819.53,115.99,3269.6,41.54,1.726,15.62,13.6,55.23,MFG-1488.png,0,Normal
MFG-0114,BATCH-003,819.41,127.21,3090.8,40.64,2.134,70.48,15.83,46.2,MFG-0114.png,0,Normal
MFG-1450,BATCH-029,836.13,120.41,3230.7,42.05,1.289,219.75,14.16,41.06,MFG-1450.png,3,Tool Scuffing
MFG-1462,BATCH-030,813.36,116.99,3076.3,40.57,1.763,7.67,15.72,48.99,MFG-1462.png,0,Normal
MFG-1414,BATCH-029,818.41,116.92,3286.4,46.41,1.592,201.84,15.58,42.69,MFG-1414.png,3,Tool Scuffing
MFG-0411,BATCH-009,815.04,120.77,3077.2,45.7,1.751,199.74,15.03,51.43,MFG-0411.png,3,Tool Scuffing
MFG-0444,BATCH-009,836.39,126.85,3213.8,43.39,1.788,213.22,12.47,47.79,MFG-0444.png,3,Tool Scuffing
MFG-0029,BATCH-001,789.65,120.21,3209.5,43.14,2.333,36.93,15.1,46.26,MFG-0029.png,0,Normal
MFG-1204,BATCH-025,818.32,130.26,3042.7,40.44,1.445,112.1,14.28,55.0,MFG-1204.png,0,Normal
MFG-0955,BATCH-020,802.7,118.93,3073.9,33.94,1.43,5.0,14.76,50.19,MFG-0955.png,0,Normal
MFG-0165,BATCH-004,826.2,126.07,3272.8,44.03,2.432,93.29,14.22,46.55,MFG-0165.png,0,Normal
MFG-0357,BATCH-008,800.13,125.56,3287.2,47.07,1.541,176.2,13.97,48.73,MFG-0357.png,0,Normal
MFG-1188,BATCH-024,821.58,120.53,3091.8,44.18,1.294,107.43,15.47,49.8,MFG-1188.png,0,Normal
MFG-0838,BATCH-017,829.72,121.37,3142.0,45.82,1.534,169.29,14.9,53.75,MFG-0838.png,0,Normal
MFG-0007,BATCH-001,833.84,109.56,3177.5,46.07,2.058,25.49,14.21,51.6,MFG-0007.png,0,Normal
MFG-0590,BATCH-012,823.83,132.13,3191.2,44.6,1.901,62.48,17.24,47.7,MFG-0590.png,0,Normal
MFG-0797,BATCH-016,803.28,153.81,3216.3,43.25,1.454,151.12,11.58,42.81,MFG-0797.png,2,Micro Void
MFG-0536,BATCH-011,814.56,125.65,3247.7,41.24,1.7,35.33,13.51,45.67,MFG-0536.png,0,Normal
MFG-0204,BATCH-005,851.11,115.45,2947.7,45.85,1.932,113.59,16.21,46.55,MFG-0204.png,0,Normal
MFG-0489,BATCH-010,793.1,126.99,3029.7,36.21,1.854,15.72,13.49,46.89,MFG-0489.png,0,Normal
MFG-1417,BATCH-029,835.39,126.33,3233.3,48.22,1.921,200.71,14.22,49.95,MFG-1417.png,3,Tool Scuffing
MFG-0138,BATCH-003,798.73,117.37,3038.1,51.31,2.118,79.38,14.2,48.75,MFG-0138.png,0,Normal
MFG-0903,BATCH-019,819.77,129.97,3114.2,44.72,1.219,201.32,15.01,53.93,MFG-0903.png,3,Tool Scuffing
MFG-1078,BATCH-022,851.29,118.65,3220.2,49.9,1.505,51.48,14.76,50.17,MFG-1078.png,0,Normal
MFG-0335,BATCH-007,807.66,132.68,3342.7,42.64,1.602,167.84,14.49,44.46,MFG-0335.png,0,Normal
MFG-0603,BATCH-013,860.52,123.21,3147.4,38.78,1.725,65.46,15.07,47.48,MFG-0603.png,2,Micro Void
MFG-1338,BATCH-027,814.03,118.61,3078.4,40.17,1.199,169.63,13.98,53.47,MFG-1338.png,0,Normal
MFG-0014,BATCH-001,791.74,132.79,3174.1,48.77,1.834,26.32,14.41,41.53,MFG-0014.png,0,Normal
MFG-0258,BATCH-006,795.42,108.44,3221.8,46.66,1.498,129.96,14.1,41.41,MFG-0258.png,0,Normal
MFG-1236,BATCH-025,831.15,124.68,3127.0,41.53,1.839,125.86,13.82,48.11,MFG-1236.png,0,Normal
MFG-0720,BATCH-015,833.4,104.55,3305.9,46.73,1.97,118.5,15.38,51.95,MFG-0720.png,0,Normal
MFG-0005,BATCH-001,802.15,114.08,3197.4,42.16,1.806,26.16,15.38,58.36,MFG-0005.png,0,Normal
MFG-0543,BATCH-011,826.84,135.12,3125.3,43.7,1.621,39.06,14.92,48.22,MFG-0543.png,0,Normal
MFG-0626,BATCH-013,829.48,106.98,3231.1,41.58,2.546,76.26,13.41,44.0,MFG-0626.png,0,Normal
MFG-0467,BATCH-010,816.15,115.59,3127.3,39.2,1.234,11.73,14.29,54.27,MFG-0467.png,0,Normal
MFG-1203,BATCH-025,791.72,124.96,3160.1,46.91,2.047,109.58,13.71,47.47,MFG-1203.png,0,Normal
MFG-0049,BATCH-001,787.9,123.17,3027.1,43.27,2.105,38.51,14.97,62.94,MFG-0049.png,0,Normal
MFG-1171,BATCH-024,828.09,116.0,2862.9,42.02,1.978,98.1,15.48,52.84,MFG-1171.png,0,Normal
MFG-0268,BATCH-006,796.16,116.39,3040.5,43.62,2.063,141.91,15.42,48.57,MFG-0268.png,0,Normal
MFG-0796,BATCH-016,842.54,123.77,3026.0,46.92,1.544,147.5,13.34,49.48,MFG-0796.png,0,Normal
MFG-0445,BATCH-009,821.83,114.06,3112.1,37.03,1.49,215.15,16.08,49.16,MFG-0445.png,3,Tool Scuffing
MFG-0232,BATCH-005,826.58,116.49,3067.9,42.89,2.191,116.68,16.16,51.03,MFG-0232.png,0,Normal
MFG-0971,BATCH-020,839.08,102.09,3399.0,43.1,1.769,5.0,16.84,58.68,MFG-0971.png,0,Normal
MFG-0690,BATCH-014,832.28,123.99,3061.7,48.15,1.778,107.34,17.35,47.78,MFG-0690.png,0,Normal
MFG-0876,BATCH-018,852.56,115.93,2986.0,44.75,1.869,184.57,16.03,52.0,MFG-0876.png,2,Micro Void
MFG-0236,BATCH-005,767.63,119.89,3162.3,39.38,2.229,126.33,14.75,44.85,MFG-0236.png,0,Normal
MFG-0819,BATCH-017,831.22,118.06,3224.7,46.42,2.053,159.66,15.21,47.36,MFG-0819.png,0,Normal
