stream_sample_id,batch_id,batch_num,process_regime,furnace_temp_c,injection_pressure_mpa,spindle_speed_rpm,feed_rate_mm_s,vibration_amplitude_g,tool_wear_min,coolant_flow_l_min,ambient_humidity_pct,is_defect
STREAM-001-00,STREAM-BATCH-001,1,In-Control,838.06,129.88,3264.0,41.57,1.856,67.94,13.64,50.19,1
STREAM-001-01,STREAM-BATCH-001,1,In-Control,811.69,117.37,3269.2,49.77,1.732,62.68,16.01,50.28,0
STREAM-001-02,STREAM-BATCH-001,1,In-Control,833.26,107.58,3040.7,35.25,1.335,66.59,16.11,41.63,0
STREAM-001-03,STREAM-BATCH-001,1,In-Control,811.78,113.71,3279.2,42.6,1.813,59.92,15.75,47.09,1
STREAM-001-04,STREAM-BATCH-001,1,In-Control,828.11,116.72,2983.4,43.03,2.071,64.98,15.97,47.52,0
STREAM-001-05,STREAM-BATCH-001,1,In-Control,811.32,116.47,3112.3,38.18,1.452,66.76,16.68,50.15,0
STREAM-001-06,STREAM-BATCH-001,1,In-Control,801.96,111.59,3166.5,39.86,1.752,67.8,14.68,44.0,0
STREAM-001-07,STREAM-BATCH-001,1,In-Control,839.93,126.54,3190.3,39.72,2.11,66.86,14.96,47.39,0
STREAM-001-08,STREAM-BATCH-001,1,In-Control,821.81,119.29,2857.9,44.32,1.716,67.58,15.15,47.84,0
STREAM-001-09,STREAM-BATCH-001,1,In-Control,817.5,118.92,3261.6,49.62,2.216,62.22,15.06,48.64,0
STREAM-001-10,STREAM-BATCH-001,1,In-Control,808.56,122.52,3154.9,44.23,1.708,65.26,11.78,51.72,0
STREAM-001-11,STREAM-BATCH-001,1,In-Control,857.14,120.78,3077.4,46.99,1.728,69.46,13.06,41.63,0
STREAM-001-12,STREAM-BATCH-001,1,In-Control,822.22,118.32,3104.2,38.9,1.808,65.58,15.49,56.65,0
STREAM-001-13,STREAM-BATCH-001,1,In-Control,812.14,120.17,3085.7,41.8,1.656,62.96,17.56,46.41,0
STREAM-001-14,STREAM-BATCH-001,1,In-Control,823.07,124.87,3014.7,45.3,1.786,64.06,14.71,48.92,0
STREAM-001-15,STREAM-BATCH-001,1,In-Control,843.59,109.31,3231.4,38.99,1.774,67.45,15.87,44.88,0
STREAM-001-16,STREAM-BATCH-001,1,In-Control,825.89,107.32,3256.5,45.95,2.083,65.39,16.24,52.56,0
STREAM-001-17,STREAM-BATCH-001,1,In-Control,810.41,130.29,3183.7,49.3,1.607,64.2,13.44,54.81,0
STREAM-001-18,STREAM-BATCH-001,1,In-Control,782.98,133.53,3112.2,46.38,2.053,65.66,14.84,51.37,0
STREAM-001-19,STREAM-BATCH-001,1,In-Control,823.4,119.36,3154.8,44.19,1.596,67.56,13.26,44.65,0
STREAM-001-20,STREAM-BATCH-001,1,In-Control,824.92,113.23,2867.0,38.4,1.745,60.6,16.6,51.72,0
STREAM-001-21,STREAM-BATCH-001,1,In-Control,807.86,117.78,3250.6,44.72,1.627,62.72,14.59,47.46,0
STREAM-001-22,STREAM-BATCH-001,1,In-Control,816.23,125.72,3157.4,45.55,1.691,66.53,17.64,53.58,0
STREAM-001-23,STREAM-BATCH-001,1,In-Control,822.66,131.44,3056.4,45.76,1.075,66.21,16.51,52.32,0
STREAM-001-24,STREAM-BATCH-001,1,In-Control,833.5,127.51,3299.7,43.83,1.753,63.99,17.3,44.71,0
STREAM-002-00,STREAM-BATCH-002,2,In-Control,809.95,126.07,3026.5,45.8,1.537,74.74,16.08,51.95,0
STREAM-002-01,STREAM-BATCH-002,2,In-Control,831.07,134.6,3008.9,45.87,1.747,75.6,15.15,47.25,0
STREAM-002-02,STREAM-BATCH-002,2,In-Control,809.82,116.64,3153.5,47.05,1.338,74.18,13.96,44.07,0
STREAM-002-03,STREAM-BATCH-002,2,In-Control,795.77,125.45,3255.7,43.76,1.892,72.71,14.62,58.9,0
STREAM-002-04,STREAM-BATCH-002,2,In-Control,823.75,120.7,3269.7,46.47,1.571,69.59,13.56,45.82,0
STREAM-002-05,STREAM-BATCH-002,2,In-Control,788.96,127.81,3367.3,41.01,1.652,67.93,16.17,44.58,0
STREAM-002-06,STREAM-BATCH-002,2,In-Control,811.28,136.41,3312.5,47.67,2.52,73.44,16.52,49.55,0
STREAM-002-07,STREAM-BATCH-002,2,In-Control,819.96,120.72,3094.3,50.8,1.092,76.77,16.1,41.47,0
STREAM-002-08,STREAM-BATCH-002,2,In-Control,832.47,127.52,3266.9,46.03,1.445,71.77,15.77,44.94,0
STREAM-002-09,STREAM-BATCH-002,2,In-Control,821.2,123.15,2981.6,44.97,1.914,71.43,16.51,43.24,0
STREAM-002-10,STREAM-BATCH-002,2,In-Control,806.92,117.2,3287.0,53.71,1.408,71.78,13.95,46.51,0
STREAM-002-11,STREAM-BATCH-002,2,In-Control,823.12,145.33,3122.8,44.99,1.47,72.86,16.08,49.73,0
STREAM-002-12,STREAM-BATCH-002,2,In-Control,817.05,118.87,3002.0,45.27,1.429,69.37,15.22,51.79,0
STREAM-002-13,STREAM-BATCH-002,2,In-Control,776.83,137.22,3030.6,41.96,1.764,66.35,16.54,45.42,0
STREAM-002-14,STREAM-BATCH-002,2,In-Control,806.48,127.43,3146.4,42.21,1.741,72.69,15.19,46.2,0
STREAM-002-15,STREAM-BATCH-002,2,In-Control,806.53,106.18,3324.3,42.97,1.483,73.21,15.32,45.07,0
STREAM-002-16,STREAM-BATCH-002,2,In-Control,810.78,122.67,3207.7,35.91,1.573,76.57,14.47,52.39,0
STREAM-002-17,STREAM-BATCH-002,2,In-Control,804.67,107.95,3041.0,39.16,1.851,75.03,13.89,52.68,0
STREAM-002-18,STREAM-BATCH-002,2,In-Control,820.4,126.74,3181.5,45.37,2.111,71.58,14.3,50.99,0
STREAM-002-19,STREAM-BATCH-002,2,In-Control,816.38,106.11,3085.1,46.68,1.803,71.07,16.67,50.2,0
STREAM-002-20,STREAM-BATCH-002,2,In-Control,810.63,123.45,3167.8,45.07,1.154,67.09,16.93,49.68,0
STREAM-002-21,STREAM-BATCH-002,2,In-Control,828.85,125.71,3252.7,42.31,1.913,72.76,18.63,46.6,0
STREAM-002-22,STREAM-BATCH-002,2,In-Control,814.31,107.65,3038.8,49.51,1.642,66.54,14.77,53.14,0
STREAM-002-23,STREAM-BATCH-002,2,In-Control,813.98,105.32,3171.1,49.73,1.667,70.71,14.98,50.47,0
STREAM-002-24,STREAM-BATCH-002,2,In-Control,831.02,120.46,3122.5,44.54,1.671,69.19,17.76,44.31,0
STREAM-003-00,STREAM-BATCH-003,3,In-Control,844.9,127.08,3037.2,47.46,1.629,80.75,15.77,47.28,0
STREAM-003-01,STREAM-BATCH-003,3,In-Control,833.65,131.91,3015.7,43.03,1.809,79.61,13.4,46.69,0
STREAM-003-02,STREAM-BATCH-003,3,In-Control,837.07,121.22,3197.4,40.91,1.556,73.42,16.16,48.09,0
STREAM-003-03,STREAM-BATCH-003,3,In-Control,836.23,116.24,3155.8,47.05,2.012,76.4,15.71,48.78,0
STREAM-003-04,STREAM-BATCH-003,3,In-Control,797.72,139.01,3126.0,48.61,0.962,78.13,15.8,55.73,0
STREAM-003-05,STREAM-BATCH-003,3,In-Control,802.88,138.66,3038.0,43.19,1.391,80.96,15.1,49.74,0
STREAM-003-06,STREAM-BATCH-003,3,In-Control,817.84,139.34,3240.0,42.06,1.664,84.24,15.73,52.95,0
STREAM-003-07,STREAM-BATCH-003,3,In-Control,831.36,123.73,2990.3,40.04,1.482,79.85,15.46,44.04,0
STREAM-003-08,STREAM-BATCH-003,3,In-Control,816.31,124.53,3175.4,40.72,1.863,74.19,16.48,42.57,0
STREAM-003-09,STREAM-BATCH-003,3,In-Control,799.98,125.42,3259.9,47.16,1.774,77.16,16.96,56.61,0
STREAM-003-10,STREAM-BATCH-003,3,In-Control,863.76,113.48,3205.9,50.14,1.632,76.04,18.32,55.54,0
STREAM-003-11,STREAM-BATCH-003,3,In-Control,823.33,114.5,3154.7,48.59,2.178,80.67,16.09,46.82,0
STREAM-003-12,STREAM-BATCH-003,3,In-Control,855.67,131.39,3265.3,39.32,1.686,76.88,14.74,47.33,0
STREAM-003-13,STREAM-BATCH-003,3,In-Control,796.89,120.17,2982.2,46.66,2.086,74.36,15.03,50.92,0
STREAM-003-14,STREAM-BATCH-003,3,In-Control,829.31,117.9,3061.0,39.09,0.934,80.2,16.07,43.23,0
STREAM-003-15,STREAM-BATCH-003,3,In-Control,827.83,115.15,2898.3,37.52,1.667,79.68,15.03,45.67,0
STREAM-003-16,STREAM-BATCH-003,3,In-Control,835.64,112.84,3055.8,45.12,1.357,81.27,12.9,51.21,0
STREAM-003-17,STREAM-BATCH-003,3,In-Control,817.84,111.05,2978.2,39.38,1.618,78.54,15.94,44.65,0
STREAM-003-18,STREAM-BATCH-003,3,In-Control,848.1,129.68,3159.5,43.26,1.458,75.11,15.08,57.31,0
STREAM-003-19,STREAM-BATCH-003,3,In-Control,840.9,136.49,3120.0,46.39,1.506,78.8,16.27,55.77,0
STREAM-003-20,STREAM-BATCH-003,3,In-Control,837.55,102.7,3099.8,50.55,1.862,76.29,14.15,45.84,0
STREAM-003-21,STREAM-BATCH-003,3,In-Control,838.71,123.7,3157.9,45.85,1.951,77.08,14.3,44.23,0
STREAM-003-22,STREAM-BATCH-003,3,In-Control,812.61,106.14,3093.8,49.24,1.836,80.18,14.19,47.28,0
STREAM-003-23,STREAM-BATCH-003,3,In-Control,797.44,136.04,3249.7,38.82,1.787,81.3,14.59,50.34,0
STREAM-003-24,STREAM-BATCH-003,3,In-Control,852.93,123.76,3271.5,52.43,1.722,81.82,14.85,48.99,0
STREAM-004-00,STREAM-BATCH-004,4,In-Control,827.87,113.45,3159.8,41.71,2.037,85.77,15.47,50.43,0
STREAM-004-01,STREAM-BATCH-004,4,In-Control,806.18,123.91,3076.5,39.13,1.703,80.1,14.39,57.69,0
STREAM-004-02,STREAM-BATCH-004,4,In-Control,827.18,125.93,3229.9,45.22,1.521,80.07,15.67,48.91,1
STREAM-004-03,STREAM-BATCH-004,4,In-Control,864.68,132.87,3175.9,44.32,1.923,85.93,14.57,49.86,0
STREAM-004-04,STREAM-BATCH-004,4,In-Control,831.44,111.51,3154.7,43.85,1.935,82.44,20.04,46.61,0
STREAM-004-05,STREAM-BATCH-004,4,In-Control,817.1,134.95,3035.6,42.04,1.874,84.31,14.26,50.45,0
STREAM-004-06,STREAM-BATCH-004,4,In-Control,816.09,112.02,3081.0,45.03,1.962,86.64,15.51,56.62,0
STREAM-004-07,STREAM-BATCH-004,4,In-Control,805.28,129.48,3122.1,44.42,2.097,84.7,14.6,55.78,0
STREAM-004-08,STREAM-BATCH-004,4,In-Control,817.94,113.12,3124.4,43.6,1.989,88.25,14.62,47.39,1
STREAM-004-09,STREAM-BATCH-004,4,In-Control,819.45,131.06,3401.8,38.48,1.674,83.0,15.59,52.07,0
STREAM-004-10,STREAM-BATCH-004,4,In-Control,810.91,122.16,2926.8,39.05,1.709,82.35,14.71,52.89,0
STREAM-004-11,STREAM-BATCH-004,4,In-Control,847.92,113.96,3212.8,42.46,2.572,84.01,15.54,50.6,0
STREAM-004-12,STREAM-BATCH-004,4,In-Control,811.8,118.46,3462.1,42.4,1.95,83.25,16.65,48.17,0
STREAM-004-13,STREAM-BATCH-004,4,In-Control,818.66,116.17,3110.4,43.84,1.802,84.04,16.85,45.22,0
STREAM-004-14,STREAM-BATCH-004,4,In-Control,805.14,129.25,3017.1,44.52,2.257,82.34,15.2,55.59,0
STREAM-004-15,STREAM-BATCH-004,4,In-Control,807.52,119.06,3033.7,38.78,1.342,86.67,15.29,53.76,0
STREAM-004-16,STREAM-BATCH-004,4,In-Control,816.86,116.74,3160.9,42.81,2.152,87.13,15.72,49.17,0
STREAM-004-17,STREAM-BATCH-004,4,In-Control,832.87,121.21,3438.7,45.01,2.141,84.99,16.34,53.61,0
STREAM-004-18,STREAM-BATCH-004,4,In-Control,833.74,124.31,2994.1,48.31,1.837,85.3,17.14,42.43,1
STREAM-004-19,STREAM-BATCH-004,4,In-Control,799.06,125.27,3208.6,38.96,2.358,87.29,15.84,44.49,0
STREAM-004-20,STREAM-BATCH-004,4,In-Control,800.71,112.4,3095.6,50.51,1.325,88.51,15.11,46.69,0
STREAM-004-21,STREAM-BATCH-004,4,In-Control,828.52,128.21,3052.9,39.39,1.713,84.73,17.04,47.59,0
STREAM-004-22,STREAM-BATCH-004,4,In-Control,810.4,133.25,3097.3,35.87,1.754,78.71,16.71,40.75,0
STREAM-004-23,STREAM-BATCH-004,4,In-Control,814.05,121.61,3313.5,43.59,1.542,79.4,16.8,45.52,0
STREAM-004-24,STREAM-BATCH-004,4,In-Control,811.25,113.33,3074.7,46.34,1.6,81.21,14.99,48.7,1
STREAM-005-00,STREAM-BATCH-005,5,In-Control,804.26,128.01,3005.0,50.25,1.555,89.31,16.85,44.57,0
STREAM-005-01,STREAM-BATCH-005,5,In-Control,823.74,116.34,3125.3,43.07,1.552,88.81,15.12,48.24,0
STREAM-005-02,STREAM-BATCH-005,5,In-Control,826.59,128.06,3128.1,45.66,1.81,91.66,16.26,43.97,0
STREAM-005-03,STREAM-BATCH-005,5,In-Control,829.93,118.25,2991.7,43.99,2.288,94.94,15.13,56.56,0
STREAM-005-04,STREAM-BATCH-005,5,In-Control,818.72,131.91,3186.3,46.06,1.563,91.35,16.51,55.21,0
STREAM-005-05,STREAM-BATCH-005,5,In-Control,803.34,126.36,3010.9,42.04,1.488,84.09,17.05,55.75,0
STREAM-005-06,STREAM-BATCH-005,5,In-Control,821.4,130.68,3238.3,43.85,1.964,92.64,17.53,50.84,0
STREAM-005-07,STREAM-BATCH-005,5,In-Control,863.96,126.89,3295.7,40.39,1.645,90.87,14.89,51.29,0
STREAM-005-08,STREAM-BATCH-005,5,In-Control,810.98,127.2,3192.4,44.64,1.193,87.87,15.63,53.91,1
STREAM-005-09,STREAM-BATCH-005,5,In-Control,810.97,108.78,2884.4,43.96,1.591,93.03,15.55,49.44,0
STREAM-005-10,STREAM-BATCH-005,5,In-Control,812.89,121.85,2938.0,45.9,2.052,86.61,15.08,46.29,0
STREAM-005-11,STREAM-BATCH-005,5,In-Control,819.33,147.46,3263.8,42.47,1.52,86.51,14.7,48.21,0
STREAM-005-12,STREAM-BATCH-005,5,In-Control,801.85,132.56,3318.6,45.35,1.738,90.8,15.83,43.01,0
STREAM-005-13,STREAM-BATCH-005,5,In-Control,788.76,132.29,3106.4,44.02,1.836,88.7,15.47,53.67,0
STREAM-005-14,STREAM-BATCH-005,5,In-Control,805.11,121.72,3337.9,49.3,1.556,92.69,14.87,54.15,0
STREAM-005-15,STREAM-BATCH-005,5,In-Control,818.24,126.35,3127.7,45.05,1.119,92.49,16.22,43.83,0
STREAM-005-16,STREAM-BATCH-005,5,In-Control,818.85,129.72,2917.8,44.6,2.036,85.53,15.23,44.19,0
STREAM-005-17,STREAM-BATCH-005,5,In-Control,829.66,126.16,3270.8,38.74,2.438,90.84,15.94,55.3,0
STREAM-005-18,STREAM-BATCH-005,5,In-Control,831.75,121.7,3240.5,44.65,2.189,88.66,14.37,52.78,0
STREAM-005-19,STREAM-BATCH-005,5,In-Control,822.1,118.63,3029.4,45.45,1.783,89.23,14.13,49.32,1
STREAM-005-20,STREAM-BATCH-005,5,In-Control,840.2,136.71,3151.6,50.06,1.572,89.91,14.22,54.87,0
STREAM-005-21,STREAM-BATCH-005,5,In-Control,832.63,124.92,3009.3,43.94,2.162,85.77,17.14,51.14,0
STREAM-005-22,STREAM-BATCH-005,5,In-Control,809.04,131.73,3208.2,41.14,2.151,89.19,15.39,48.23,0
STREAM-005-23,STREAM-BATCH-005,5,In-Control,788.42,119.71,3107.0,46.94,2.032,88.26,15.99,50.6,0
STREAM-005-24,STREAM-BATCH-005,5,In-Control,799.21,126.31,3151.7,45.14,1.979,95.35,15.29,44.66,0
STREAM-006-00,STREAM-BATCH-006,6,In-Control,810.81,121.0,3242.0,36.68,1.407,96.7,15.39,52.32,0
STREAM-006-01,STREAM-BATCH-006,6,In-Control,832.61,120.04,3193.3,43.6,1.789,100.45,16.0,42.97,0
STREAM-006-02,STREAM-BATCH-006,6,In-Control,815.26,112.04,3071.6,42.95,2.075,93.49,16.22,48.96,0
STREAM-006-03,STREAM-BATCH-006,6,In-Control,791.92,111.08,3063.0,42.68,1.911,98.22,14.13,58.51,0
STREAM-006-04,STREAM-BATCH-006,6,In-Control,823.36,120.16,3271.9,39.63,1.526,91.01,15.36,46.68,0
STREAM-006-05,STREAM-BATCH-006,6,In-Control,837.58,121.26,3168.2,41.91,2.382,95.48,15.34,50.04,0
STREAM-006-06,STREAM-BATCH-006,6,In-Control,787.23,118.41,3060.3,43.09,1.793,96.67,16.73,47.78,0
STREAM-006-07,STREAM-BATCH-006,6,In-Control,793.38,123.87,3153.3,46.16,2.078,97.69,14.38,52.54,0
STREAM-006-08,STREAM-BATCH-006,6,In-Control,815.66,119.62,3029.1,49.79,1.319,96.17,14.23,57.93,0
STREAM-006-09,STREAM-BATCH-006,6,In-Control,787.29,117.92,3094.2,43.47,1.589,95.11,14.88,54.72,0
STREAM-006-10,STREAM-BATCH-006,6,In-Control,810.34,104.25,3226.3,42.74,2.237,101.93,16.97,50.83,0
STREAM-006-11,STREAM-BATCH-006,6,In-Control,816.78,119.62,3185.7,46.94,1.925,96.86,16.96,53.49,0
STREAM-006-12,STREAM-BATCH-006,6,In-Control,813.97,119.03,3074.4,40.32,1.587,95.2,16.12,55.46,0
STREAM-006-13,STREAM-BATCH-006,6,In-Control,802.92,135.29,3063.6,41.59,1.831,96.94,14.17,55.84,0
STREAM-006-14,STREAM-BATCH-006,6,In-Control,820.28,119.35,3013.5,46.42,1.822,96.18,15.61,44.24,0
STREAM-006-15,STREAM-BATCH-006,6,In-Control,827.27,113.25,3198.9,44.37,1.47,94.52,16.4,49.18,0
STREAM-006-16,STREAM-BATCH-006,6,In-Control,824.13,110.82,2862.4,45.22,2.187,96.07,17.05,48.04,0
STREAM-006-17,STREAM-BATCH-006,6,In-Control,861.83,124.06,3215.9,41.29,1.44,95.17,16.22,49.55,0
STREAM-006-18,STREAM-BATCH-006,6,In-Control,802.11,119.34,3226.1,43.11,1.404,97.56,16.99,52.17,0
STREAM-006-19,STREAM-BATCH-006,6,In-Control,839.14,115.96,3061.4,47.97,1.457,89.61,14.21,53.21,0
STREAM-006-20,STREAM-BATCH-006,6,In-Control,784.91,132.94,3006.2,43.72,1.816,98.55,14.84,44.57,0
STREAM-006-21,STREAM-BATCH-006,6,In-Control,812.11,126.7,3049.4,45.05,2.097,92.06,16.76,53.35,0
STREAM-006-22,STREAM-BATCH-006,6,In-Control,810.44,114.73,3150.0,41.96,1.683,91.36,16.78,53.52,0
STREAM-006-23,STREAM-BATCH-006,6,In-Control,872.62,115.48,3185.4,42.28,1.971,101.45,13.57,47.18,0
STREAM-006-24,STREAM-BATCH-006,6,In-Control,812.12,123.13,3220.0,43.34,1.88,94.06,15.84,53.52,1
STREAM-007-00,STREAM-BATCH-007,7,In-Control,804.58,130.39,3329.3,44.49,1.466,99.11,16.32,45.0,0
STREAM-007-01,STREAM-BATCH-007,7,In-Control,822.24,130.34,3257.9,41.69,1.255,105.05,14.25,48.55,0
STREAM-007-02,STREAM-BATCH-007,7,In-Control,831.59,136.43,2983.4,45.64,1.958,104.07,17.39,47.49,0
STREAM-007-03,STREAM-BATCH-007,7,In-Control,815.55,128.48,3003.4,48.56,1.583,103.97,15.38,49.14,0
STREAM-007-04,STREAM-BATCH-007,7,In-Control,824.04,127.89,3267.3,41.8,1.501,103.25,15.15,49.02,0
STREAM-007-05,STREAM-BATCH-007,7,In-Control,820.76,120.66,3183.9,45.95,1.78,97.42,16.55,42.38,0
STREAM-007-06,STREAM-BATCH-007,7,In-Control,817.02,125.79,3095.6,47.13,1.822,105.47,14.65,44.87,0
STREAM-007-07,STREAM-BATCH-007,7,In-Control,848.47,129.16,3319.7,42.06,2.326,103.53,17.07,48.74,0
STREAM-007-08,STREAM-BATCH-007,7,In-Control,805.84,135.62,3171.7,41.34,1.568,98.38,15.61,49.48,0
STREAM-007-09,STREAM-BATCH-007,7,In-Control,818.78,123.11,3167.4,49.12,1.509,101.02,14.77,51.07,0
STREAM-007-10,STREAM-BATCH-007,7,In-Control,832.4,124.69,3227.2,41.09,1.947,96.09,15.06,56.09,0
STREAM-007-11,STREAM-BATCH-007,7,In-Control,825.75,116.06,3058.3,47.69,1.877,108.08,17.44,39.02,0
STREAM-007-12,STREAM-BATCH-007,7,In-Control,810.26,120.65,3211.0,40.87,1.976,96.62,15.02,42.17,0
STREAM-007-13,STREAM-BATCH-007,7,In-Control,850.22,123.76,3237.9,41.17,1.667,103.05,16.73,55.01,0
STREAM-007-14,STREAM-BATCH-007,7,In-Control,816.68,121.21,3120.8,48.68,1.413,103.99,14.68,47.55,0
STREAM-007-15,STREAM-BATCH-007,7,In-Control,837.8,123.56,2973.5,48.41,1.852,101.5,16.89,48.37,0
STREAM-007-16,STREAM-BATCH-007,7,In-Control,804.75,119.02,3208.7,48.07,1.369,103.4,14.83,43.86,0
STREAM-007-17,STREAM-BATCH-007,7,In-Control,817.91,120.45,2958.0,40.81,1.838,98.95,14.22,54.07,0
STREAM-007-18,STREAM-BATCH-007,7,In-Control,852.6,131.67,3165.1,45.4,2.017,102.08,14.34,46.69,0
STREAM-007-19,STREAM-BATCH-007,7,In-Control,795.46,127.48,3121.5,38.65,1.584,101.98,14.1,45.52,0
STREAM-007-20,STREAM-BATCH-007,7,In-Control,804.85,110.13,3160.0,42.29,2.136,106.28,14.11,54.33,0
STREAM-007-21,STREAM-BATCH-007,7,In-Control,840.63,128.03,3143.4,44.04,1.434,101.68,15.37,56.06,0
STREAM-007-22,STREAM-BATCH-007,7,In-Control,808.81,119.76,3123.6,44.93,1.927,102.43,12.73,50.03,0
STREAM-007-23,STREAM-BATCH-007,7,In-Control,822.28,128.59,3268.2,51.97,1.512,96.93,15.86,41.06,0
STREAM-007-24,STREAM-BATCH-007,7,In-Control,827.74,122.46,3012.4,44.13,2.21,101.81,17.65,50.68,0
STREAM-008-00,STREAM-BATCH-008,8,In-Control,827.9,120.1,3193.8,45.84,1.285,106.66,14.72,46.25,0
STREAM-008-01,STREAM-BATCH-008,8,In-Control,787.83,115.28,3019.3,42.0,1.266,108.34,16.07,39.83,0
STREAM-008-02,STREAM-BATCH-008,8,In-Control,818.27,127.57,3263.5,41.7,1.284,109.2,13.71,54.07,0
STREAM-008-03,STREAM-BATCH-008,8,In-Control,826.15,132.01,3417.7,44.29,1.445,108.67,16.96,48.81,0
STREAM-008-04,STREAM-BATCH-008,8,In-Control,802.33,115.53,2963.6,46.56,2.108,100.92,16.12,55.22,0
STREAM-008-05,STREAM-BATCH-008,8,In-Control,841.7,111.71,3332.2,44.09,1.963,111.19,16.17,49.88,1
STREAM-008-06,STREAM-BATCH-008,8,In-Control,823.28,125.75,3217.2,47.21,1.726,103.1,16.2,48.08,1
STREAM-008-07,STREAM-BATCH-008,8,In-Control,829.13,117.8,2873.2,39.98,1.557,109.79,16.35,53.14,0
STREAM-008-08,STREAM-BATCH-008,8,In-Control,792.95,118.97,3031.2,48.23,0.902,108.47,16.16,48.29,0
STREAM-008-09,STREAM-BATCH-008,8,In-Control,825.92,127.01,3411.9,41.15,1.435,108.21,18.08,46.39,0
STREAM-008-10,STREAM-BATCH-008,8,In-Control,844.46,124.36,3293.1,44.5,2.367,112.74,15.82,46.96,0
STREAM-008-11,STREAM-BATCH-008,8,In-Control,802.47,112.55,3237.0,45.13,1.649,106.43,14.63,47.2,0
STREAM-008-12,STREAM-BATCH-008,8,In-Control,840.49,127.13,2894.0,43.79,1.939,112.07,14.69,44.51,0
STREAM-008-13,STREAM-BATCH-008,8,In-Control,816.68,127.44,3234.3,44.07,1.552,108.87,15.72,49.15,0
STREAM-008-14,STREAM-BATCH-008,8,In-Control,818.27,131.84,3001.3,43.55,2.452,104.82,15.41,48.53,0
STREAM-008-15,STREAM-BATCH-008,8,In-Control,827.78,120.17,3179.2,42.73,1.748,107.18,15.27,49.86,0
STREAM-008-16,STREAM-BATCH-008,8,In-Control,808.07,116.34,3157.5,43.83,1.511,109.8,14.32,45.83,0
STREAM-008-17,STREAM-BATCH-008,8,In-Control,796.14,108.86,3283.0,44.1,1.547,107.71,13.3,48.65,0
STREAM-008-18,STREAM-BATCH-008,8,In-Control,826.59,133.67,3068.9,47.61,1.541,105.92,18.03,46.31,0
STREAM-008-19,STREAM-BATCH-008,8,In-Control,805.36,121.42,3134.0,42.0,1.383,112.97,14.93,47.59,0
STREAM-008-20,STREAM-BATCH-008,8,In-Control,834.12,131.55,3271.4,42.68,1.559,107.13,14.65,46.74,0
STREAM-008-21,STREAM-BATCH-008,8,In-Control,820.39,119.91,3187.4,50.27,1.951,109.12,15.06,49.06,0
STREAM-008-22,STREAM-BATCH-008,8,In-Control,813.68,129.95,3098.2,46.34,1.835,104.86,16.68,46.46,0
STREAM-008-23,STREAM-BATCH-008,8,In-Control,833.84,134.71,3177.1,42.27,1.591,105.41,15.94,48.88,0
STREAM-008-24,STREAM-BATCH-008,8,In-Control,838.41,125.15,3193.4,41.69,2.111,108.56,14.9,48.96,0
STREAM-009-00,STREAM-BATCH-009,9,In-Control,839.08,140.22,2926.0,46.85,1.51,112.44,15.71,48.46,0
STREAM-009-01,STREAM-BATCH-009,9,In-Control,807.57,129.2,3124.0,45.23,1.817,121.31,14.28,47.26,0
STREAM-009-02,STREAM-BATCH-009,9,In-Control,825.78,127.61,3185.9,48.01,1.775,108.49,17.37,43.77,0
STREAM-009-03,STREAM-BATCH-009,9,In-Control,818.78,113.6,3198.1,46.18,1.598,112.31,15.18,53.1,0
STREAM-009-04,STREAM-BATCH-009,9,In-Control,793.29,133.73,3088.5,43.51,1.324,116.07,13.84,50.12,1
STREAM-009-05,STREAM-BATCH-009,9,In-Control,836.92,135.53,3022.1,49.55,2.166,111.56,17.38,45.95,0
STREAM-009-06,STREAM-BATCH-009,9,In-Control,816.86,120.99,3161.0,43.35,2.146,112.03,15.14,45.94,0
STREAM-009-07,STREAM-BATCH-009,9,In-Control,797.27,105.4,3296.3,41.26,1.718,113.76,15.46,47.89,0
STREAM-009-08,STREAM-BATCH-009,9,In-Control,821.79,125.49,3079.0,43.06,1.514,112.03,13.26,45.63,0
STREAM-009-09,STREAM-BATCH-009,9,In-Control,835.93,105.13,3082.2,43.38,1.896,117.91,13.2,46.76,0
STREAM-009-10,STREAM-BATCH-009,9,In-Control,806.67,133.32,3073.2,38.81,2.086,111.11,16.77,45.52,0
STREAM-009-11,STREAM-BATCH-009,9,In-Control,838.61,123.38,3156.3,38.46,2.18,113.43,14.41,45.74,0
STREAM-009-12,STREAM-BATCH-009,9,In-Control,811.58,121.61,3043.0,49.3,2.055,114.91,16.63,48.86,0
STREAM-009-13,STREAM-BATCH-009,9,In-Control,792.51,123.94,3037.9,47.58,1.723,115.56,15.25,46.08,0
STREAM-009-14,STREAM-BATCH-009,9,In-Control,820.06,114.79,3066.2,50.06,1.531,109.75,15.64,50.29,0
STREAM-009-15,STREAM-BATCH-009,9,In-Control,835.43,109.34,3089.4,44.01,1.921,112.62,14.26,46.34,0
STREAM-009-16,STREAM-BATCH-009,9,In-Control,833.02,129.96,3032.4,44.53,1.395,115.87,16.04,45.27,1
STREAM-009-17,STREAM-BATCH-009,9,In-Control,830.96,127.37,3265.9,39.39,1.118,114.45,15.99,43.84,0
STREAM-009-18,STREAM-BATCH-009,9,In-Control,809.49,112.29,2926.5,41.87,1.966,118.12,14.86,52.75,0
STREAM-009-19,STREAM-BATCH-009,9,In-Control,822.16,127.22,3129.4,45.5,1.862,115.45,16.29,46.05,0
STREAM-009-20,STREAM-BATCH-009,9,In-Control,831.21,118.65,3175.4,44.58,1.669,106.86,13.94,51.94,0
STREAM-009-21,STREAM-BATCH-009,9,In-Control,836.51,125.79,3195.1,48.11,1.603,114.92,16.77,49.44,0
STREAM-009-22,STREAM-BATCH-009,9,In-Control,831.48,125.56,3292.2,46.85,2.094,112.45,16.45,53.72,0
STREAM-009-23,STREAM-BATCH-009,9,In-Control,826.76,107.92,3286.0,45.2,2.175,115.85,14.01,51.14,0
STREAM-009-24,STREAM-BATCH-009,9,In-Control,811.47,131.41,3061.7,41.13,1.608,112.87,16.43,54.72,0
STREAM-010-00,STREAM-BATCH-010,10,In-Control,834.01,122.21,3125.5,49.11,1.86,119.16,15.31,44.24,0
STREAM-010-01,STREAM-BATCH-010,10,In-Control,844.72,132.1,3121.0,41.83,1.918,118.38,15.24,54.62,0
STREAM-010-02,STREAM-BATCH-010,10,In-Control,806.19,132.55,3034.6,47.92,1.924,119.89,13.3,48.18,0
STREAM-010-03,STREAM-BATCH-010,10,In-Control,823.3,121.06,3138.9,40.99,2.129,120.02,16.44,51.58,0
STREAM-010-04,STREAM-BATCH-010,10,In-Control,786.68,122.68,3154.9,43.56,1.294,119.03,16.36,41.88,0
STREAM-010-05,STREAM-BATCH-010,10,In-Control,828.4,128.53,3132.3,48.04,2.267,121.34,16.56,56.4,0
STREAM-010-06,STREAM-BATCH-010,10,In-Control,855.08,123.71,3189.1,40.88,1.956,118.16,14.89,53.92,0
STREAM-010-07,STREAM-BATCH-010,10,In-Control,811.33,118.18,3061.3,44.39,1.461,117.1,18.6,51.85,0
STREAM-010-08,STREAM-BATCH-010,10,In-Control,810.48,115.12,3110.0,51.65,1.76,124.73,14.44,44.57,0
STREAM-010-09,STREAM-BATCH-010,10,In-Control,816.74,113.43,3235.8,43.2,1.78,122.16,14.74,47.19,1
STREAM-010-10,STREAM-BATCH-010,10,In-Control,796.56,137.18,3240.3,40.17,1.854,115.58,16.72,47.99,0
STREAM-010-11,STREAM-BATCH-010,10,In-Control,809.16,127.71,3183.1,45.0,1.864,120.06,16.01,52.13,0
STREAM-010-12,STREAM-BATCH-010,10,In-Control,822.74,119.18,3293.0,44.1,1.269,119.35,13.95,45.05,0
STREAM-010-13,STREAM-BATCH-010,10,In-Control,826.09,118.28,3113.9,44.11,2.019,118.27,15.21,50.09,0
STREAM-010-14,STREAM-BATCH-010,10,In-Control,834.07,124.82,3093.3,50.8,0.944,118.01,14.24,45.08,0
STREAM-010-15,STREAM-BATCH-010,10,In-Control,816.24,110.21,3080.8,38.58,2.045,120.94,15.49,51.84,0
STREAM-010-16,STREAM-BATCH-010,10,In-Control,805.88,118.47,3145.1,44.22,1.29,119.03,15.53,42.24,0
STREAM-010-17,STREAM-BATCH-010,10,In-Control,823.72,125.8,3154.1,44.38,1.421,121.12,13.87,50.53,0
STREAM-010-18,STREAM-BATCH-010,10,In-Control,805.17,130.64,3078.1,50.68,2.009,119.29,16.73,50.0,0
STREAM-010-19,STREAM-BATCH-010,10,In-Control,819.88,120.63,3211.2,38.39,1.384,118.06,15.45,50.03,0
STREAM-010-20,STREAM-BATCH-010,10,In-Control,828.4,115.92,3313.2,47.27,1.407,119.03,15.31,53.55,0
STREAM-010-21,STREAM-BATCH-010,10,In-Control,809.66,122.76,3169.4,44.49,2.325,118.24,14.11,48.48,0
STREAM-010-22,STREAM-BATCH-010,10,In-Control,779.95,116.83,3011.2,40.76,2.212,120.35,16.32,44.63,0
STREAM-010-23,STREAM-BATCH-010,10,In-Control,816.32,125.04,3062.9,46.95,1.137,124.83,14.43,57.2,0
STREAM-010-24,STREAM-BATCH-010,10,In-Control,841.8,123.01,3140.7,35.93,1.791,117.1,15.29,54.64,0
STREAM-011-00,STREAM-BATCH-011,11,Incipient-Drift,847.95,113.59,3077.8,42.36,2.327,132.43,15.83,51.96,1
STREAM-011-01,STREAM-BATCH-011,11,Incipient-Drift,828.9,118.76,2968.6,41.83,1.388,124.18,14.04,48.61,1
STREAM-011-02,STREAM-BATCH-011,11,Incipient-Drift,821.68,131.84,3219.3,39.01,1.896,121.72,13.51,52.42,0
STREAM-011-03,STREAM-BATCH-011,11,Incipient-Drift,811.56,116.48,3239.1,38.7,1.811,123.17,15.37,47.52,1
STREAM-011-04,STREAM-BATCH-011,11,Incipient-Drift,812.07,120.86,3180.2,42.21,1.821,126.29,16.13,44.09,1
STREAM-011-05,STREAM-BATCH-011,11,Incipient-Drift,841.96,123.19,3139.7,45.28,1.725,126.59,15.21,44.18,0
STREAM-011-06,STREAM-BATCH-011,11,Incipient-Drift,827.77,126.9,3162.9,39.92,2.204,128.63,14.69,46.63,0
STREAM-011-07,STREAM-BATCH-011,11,Incipient-Drift,835.78,121.21,3059.9,47.02,2.028,124.41,15.23,50.58,0
STREAM-011-08,STREAM-BATCH-011,11,Incipient-Drift,816.88,136.51,3134.4,46.8,1.676,130.37,12.86,53.73,1
STREAM-011-09,STREAM-BATCH-011,11,Incipient-Drift,831.34,121.05,3246.7,41.99,2.071,128.53,15.48,49.26,0
STREAM-011-10,STREAM-BATCH-011,11,Incipient-Drift,824.15,116.5,3175.1,37.23,1.723,124.25,14.42,49.79,0
STREAM-011-11,STREAM-BATCH-011,11,Incipient-Drift,828.13,139.56,2990.7,50.43,1.95,128.0,15.15,56.71,0
STREAM-011-12,STREAM-BATCH-011,11,Incipient-Drift,805.95,121.51,3088.8,48.92,1.846,122.76,17.16,48.7,0
STREAM-011-13,STREAM-BATCH-011,11,Incipient-Drift,785.07,128.33,3276.2,45.44,2.22,128.2,15.0,47.26,0
STREAM-011-14,STREAM-BATCH-011,11,Incipient-Drift,810.99,128.73,3040.6,45.57,1.894,126.69,13.17,47.71,0
STREAM-011-15,STREAM-BATCH-011,11,Incipient-Drift,819.78,123.45,3340.5,45.17,2.104,127.7,12.8,47.55,0
STREAM-011-16,STREAM-BATCH-011,11,Incipient-Drift,824.71,113.44,3252.3,47.25,2.218,128.62,12.19,44.71,0
STREAM-011-17,STREAM-BATCH-011,11,Incipient-Drift,822.27,108.77,3064.9,41.8,2.084,122.25,15.04,48.9,0
STREAM-011-18,STREAM-BATCH-011,11,Incipient-Drift,837.11,112.34,3086.1,41.53,1.732,120.06,16.55,48.14,0
STREAM-011-19,STREAM-BATCH-011,11,Incipient-Drift,852.78,123.32,3412.7,46.51,2.052,128.63,15.3,50.19,0
STREAM-011-20,STREAM-BATCH-011,11,Incipient-Drift,811.38,124.62,3262.8,43.12,1.754,126.8,16.71,47.73,0
STREAM-011-21,STREAM-BATCH-011,11,Incipient-Drift,808.27,129.61,3068.8,45.52,1.905,127.62,16.29,50.28,0
STREAM-011-22,STREAM-BATCH-011,11,Incipient-Drift,810.47,115.45,3209.4,40.39,1.237,131.94,16.71,53.32,0
STREAM-011-23,STREAM-BATCH-011,11,Incipient-Drift,818.55,113.88,3026.1,42.92,1.531,120.35,13.41,46.88,0
STREAM-011-24,STREAM-BATCH-011,11,Incipient-Drift,820.36,126.58,3084.1,46.39,1.525,126.27,15.65,50.97,0
STREAM-012-00,STREAM-BATCH-012,12,Incipient-Drift,830.84,128.29,3359.5,40.18,1.513,132.21,13.76,44.89,0
STREAM-012-01,STREAM-BATCH-012,12,Incipient-Drift,819.36,126.77,3082.7,40.83,1.574,136.47,14.34,49.56,0
STREAM-012-02,STREAM-BATCH-012,12,Incipient-Drift,821.23,125.82,3208.2,40.31,1.782,132.85,16.63,39.7,0
STREAM-012-03,STREAM-BATCH-012,12,Incipient-Drift,828.01,133.32,3329.1,47.62,2.271,133.09,13.94,53.16,0
STREAM-012-04,STREAM-BATCH-012,12,Incipient-Drift,829.0,136.21,3228.9,49.74,1.907,135.27,16.13,45.69,0
STREAM-012-05,STREAM-BATCH-012,12,Incipient-Drift,819.18,136.71,3105.6,47.32,1.495,133.47,14.14,45.78,0
STREAM-012-06,STREAM-BATCH-012,12,Incipient-Drift,824.2,118.09,3142.7,45.33,2.235,136.91,13.7,47.79,0
STREAM-012-07,STREAM-BATCH-012,12,Incipient-Drift,814.89,116.34,3224.5,49.46,1.481,135.69,13.45,47.85,0
STREAM-012-08,STREAM-BATCH-012,12,Incipient-Drift,835.98,128.52,3047.5,45.04,2.431,130.09,14.41,42.97,0
STREAM-012-09,STREAM-BATCH-012,12,Incipient-Drift,824.45,110.18,3222.8,48.98,2.034,132.84,13.44,49.56,0
STREAM-012-10,STREAM-BATCH-012,12,Incipient-Drift,802.09,134.1,3122.7,46.7,2.439,126.64,13.89,43.58,1
STREAM-012-11,STREAM-BATCH-012,12,Incipient-Drift,807.6,130.67,3131.3,41.63,1.91,131.64,13.31,46.16,0
STREAM-012-12,STREAM-BATCH-012,12,Incipient-Drift,838.72,122.33,3127.1,45.86,1.906,134.02,14.29,46.48,1
STREAM-012-13,STREAM-BATCH-012,12,Incipient-Drift,817.36,122.25,3177.5,44.95,1.996,132.79,15.46,49.69,1
STREAM-012-14,STREAM-BATCH-012,12,Incipient-Drift,829.54,118.29,2796.2,48.3,1.954,127.78,16.47,45.71,0
STREAM-012-15,STREAM-BATCH-012,12,Incipient-Drift,805.96,121.7,3120.7,43.52,2.349,134.02,14.58,47.22,0
STREAM-012-16,STREAM-BATCH-012,12,Incipient-Drift,840.86,109.69,3049.9,40.59,1.794,129.02,14.2,50.61,0
STREAM-012-17,STREAM-BATCH-012,12,Incipient-Drift,810.57,112.9,3117.9,40.02,1.31,128.62,14.51,43.53,0
STREAM-012-18,STREAM-BATCH-012,12,Incipient-Drift,858.98,126.29,2946.4,41.6,2.392,134.56,12.94,52.62,1
STREAM-012-19,STREAM-BATCH-012,12,Incipient-Drift,839.13,128.77,3390.9,45.64,1.82,132.76,13.59,54.22,0
STREAM-012-20,STREAM-BATCH-012,12,Incipient-Drift,814.6,125.63,3215.6,47.47,2.006,132.53,15.08,52.56,0
STREAM-012-21,STREAM-BATCH-012,12,Incipient-Drift,826.47,117.51,3270.0,47.13,2.276,133.42,13.21,45.66,0
STREAM-012-22,STREAM-BATCH-012,12,Incipient-Drift,845.19,124.12,2760.6,47.61,2.125,132.11,15.84,49.5,1
STREAM-012-23,STREAM-BATCH-012,12,Incipient-Drift,820.08,129.08,3359.2,38.07,1.922,132.7,12.16,43.73,0
STREAM-012-24,STREAM-BATCH-012,12,Incipient-Drift,801.06,119.88,2881.6,39.19,1.412,134.15,15.19,46.08,0
STREAM-013-00,STREAM-BATCH-013,13,Incipient-Drift,816.36,123.87,3038.7,49.39,1.829,134.79,14.9,47.12,0
STREAM-013-01,STREAM-BATCH-013,13,Incipient-Drift,829.1,136.6,3393.0,42.83,2.214,139.59,13.57,44.28,0
STREAM-013-02,STREAM-BATCH-013,13,Incipient-Drift,834.86,137.83,3352.5,46.02,1.734,137.29,12.36,46.53,0
STREAM-013-03,STREAM-BATCH-013,13,Incipient-Drift,825.96,121.6,3084.8,40.03,1.639,135.74,14.72,41.81,0
STREAM-013-04,STREAM-BATCH-013,13,Incipient-Drift,818.71,112.89,3296.7,44.17,2.398,135.83,17.37,49.5,0
STREAM-013-05,STREAM-BATCH-013,13,Incipient-Drift,826.65,122.46,3241.0,39.26,2.035,135.05,15.38,50.16,0
STREAM-013-06,STREAM-BATCH-013,13,Incipient-Drift,833.73,127.24,3203.1,43.59,1.801,143.11,15.68,55.43,0
STREAM-013-07,STREAM-BATCH-013,13,Incipient-Drift,828.95,119.67,3241.9,41.15,1.804,137.31,15.93,54.73,0
STREAM-013-08,STREAM-BATCH-013,13,Incipient-Drift,820.35,136.76,3138.7,43.11,1.364,136.15,13.81,42.12,1
STREAM-013-09,STREAM-BATCH-013,13,Incipient-Drift,818.53,109.71,3209.0,45.54,1.268,132.77,13.22,47.12,0
STREAM-013-10,STREAM-BATCH-013,13,Incipient-Drift,818.86,117.2,3268.5,40.92,1.936,132.49,12.21,42.43,1
STREAM-013-11,STREAM-BATCH-013,13,Incipient-Drift,847.72,127.53,3033.9,44.57,1.456,141.28,14.43,47.79,1
STREAM-013-12,STREAM-BATCH-013,13,Incipient-Drift,816.64,120.36,3176.4,51.78,1.686,135.37,15.24,54.39,1
STREAM-013-13,STREAM-BATCH-013,13,Incipient-Drift,794.88,128.08,3162.5,40.08,2.035,140.27,12.52,52.38,0
STREAM-013-14,STREAM-BATCH-013,13,Incipient-Drift,838.69,126.95,3198.2,49.3,1.865,138.14,14.99,46.29,0
STREAM-013-15,STREAM-BATCH-013,13,Incipient-Drift,833.13,128.91,3234.5,46.73,2.505,136.79,13.63,50.64,0
STREAM-013-16,STREAM-BATCH-013,13,Incipient-Drift,836.02,134.88,3202.8,45.33,2.154,133.13,16.49,48.75,0
STREAM-013-17,STREAM-BATCH-013,13,Incipient-Drift,834.9,122.13,3093.1,44.54,1.503,134.72,14.2,47.73,0
STREAM-013-18,STREAM-BATCH-013,13,Incipient-Drift,837.86,137.76,3174.0,41.98,1.739,138.4,12.15,47.3,0
STREAM-013-19,STREAM-BATCH-013,13,Incipient-Drift,855.7,137.94,3074.8,39.81,1.856,140.62,15.06,50.64,0
STREAM-013-20,STREAM-BATCH-013,13,Incipient-Drift,807.72,115.36,3111.2,41.92,1.795,139.18,14.5,56.64,0
STREAM-013-21,STREAM-BATCH-013,13,Incipient-Drift,806.69,114.37,3050.7,42.11,1.444,136.0,14.4,53.42,1
STREAM-013-22,STREAM-BATCH-013,13,Incipient-Drift,835.29,110.47,3063.1,44.98,1.546,144.23,14.62,42.96,0
STREAM-013-23,STREAM-BATCH-013,13,Incipient-Drift,800.36,111.62,3296.7,42.28,1.533,137.52,17.22,38.36,0
STREAM-013-24,STREAM-BATCH-013,13,Incipient-Drift,881.77,104.99,3303.5,39.75,2.231,136.48,16.37,41.0,0
STREAM-014-00,STREAM-BATCH-014,14,Incipient-Drift,825.11,114.17,3251.8,39.87,2.032,143.17,15.33,49.5,0
STREAM-014-01,STREAM-BATCH-014,14,Incipient-Drift,844.09,127.23,3153.2,44.73,2.491,143.07,12.62,43.48,1
STREAM-014-02,STREAM-BATCH-014,14,Incipient-Drift,835.05,130.79,3018.4,36.74,2.09,144.57,15.53,49.47,0
STREAM-014-03,STREAM-BATCH-014,14,Incipient-Drift,819.56,122.08,3078.0,45.73,1.794,142.95,14.0,46.69,0
STREAM-014-04,STREAM-BATCH-014,14,Incipient-Drift,830.17,124.51,3265.7,39.8,2.113,142.29,13.85,48.87,0
STREAM-014-05,STREAM-BATCH-014,14,Incipient-Drift,828.9,123.63,3146.9,47.37,1.766,139.84,10.86,46.21,0
STREAM-014-06,STREAM-BATCH-014,14,Incipient-Drift,816.42,125.39,3143.4,43.7,1.428,148.89,13.32,50.67,0
STREAM-014-07,STREAM-BATCH-014,14,Incipient-Drift,840.73,119.16,3199.0,45.32,1.617,147.74,11.64,46.52,0
STREAM-014-08,STREAM-BATCH-014,14,Incipient-Drift,836.67,116.82,2982.6,40.36,2.241,145.12,14.32,50.09,1
STREAM-014-09,STREAM-BATCH-014,14,Incipient-Drift,817.82,124.64,3295.6,40.65,1.563,144.34,13.23,56.83,0
STREAM-014-10,STREAM-BATCH-014,14,Incipient-Drift,806.92,131.57,3212.1,42.56,2.065,147.68,13.73,55.28,1
STREAM-014-11,STREAM-BATCH-014,14,Incipient-Drift,837.54,112.23,3185.7,45.54,1.504,147.58,15.12,47.77,0
STREAM-014-12,STREAM-BATCH-014,14,Incipient-Drift,830.36,138.73,2942.2,42.12,1.582,140.08,14.98,49.91,0
STREAM-014-13,STREAM-BATCH-014,14,Incipient-Drift,848.22,117.12,3134.5,48.07,1.574,144.38,14.31,49.68,0
STREAM-014-14,STREAM-BATCH-014,14,Incipient-Drift,836.73,128.16,3231.3,43.86,1.817,144.44,14.7,58.96,0
STREAM-014-15,STREAM-BATCH-014,14,Incipient-Drift,798.09,117.69,3003.9,45.76,1.808,145.68,12.7,51.37,0
STREAM-014-16,STREAM-BATCH-014,14,Incipient-Drift,855.54,127.41,3032.9,43.62,1.615,142.48,14.68,42.67,1
STREAM-014-17,STREAM-BATCH-014,14,Incipient-Drift,830.99,133.97,3042.6,45.3,1.686,141.91,12.87,51.52,0
STREAM-014-18,STREAM-BATCH-014,14,Incipient-Drift,847.77,119.85,2908.2,41.64,2.046,144.36,14.89,49.93,0
STREAM-014-19,STREAM-BATCH-014,14,Incipient-Drift,828.72,116.22,3120.6,49.1,1.883,143.68,14.81,45.94,0
STREAM-014-20,STREAM-BATCH-014,14,Incipient-Drift,809.86,125.35,3334.2,43.24,1.845,143.06,13.12,44.77,0
STREAM-014-21,STREAM-BATCH-014,14,Incipient-Drift,817.7,122.22,3156.9,42.51,2.352,144.97,14.68,52.15,0
STREAM-014-22,STREAM-BATCH-014,14,Incipient-Drift,832.17,131.19,3273.2,45.35,2.385,142.32,13.48,53.43,0
STREAM-014-23,STREAM-BATCH-014,14,Incipient-Drift,830.66,111.37,3208.4,45.27,2.563,141.2,15.16,53.39,1
STREAM-014-24,STREAM-BATCH-014,14,Incipient-Drift,838.57,136.13,3078.0,42.66,2.017,148.82,12.6,44.19,0
STREAM-015-00,STREAM-BATCH-015,15,Incipient-Drift,849.49,135.66,3208.5,47.72,1.96,156.6,11.73,39.09,1
STREAM-015-01,STREAM-BATCH-015,15,Incipient-Drift,828.8,135.46,3013.0,44.94,2.042,144.53,13.06,46.21,1
STREAM-015-02,STREAM-BATCH-015,15,Incipient-Drift,851.02,113.29,3229.4,46.68,2.247,151.92,12.77,46.77,1
STREAM-015-03,STREAM-BATCH-015,15,Incipient-Drift,828.66,122.54,3161.0,43.47,1.964,147.48,12.14,47.73,1
STREAM-015-04,STREAM-BATCH-015,15,Incipient-Drift,809.77,114.96,3284.0,46.63,1.544,151.66,13.44,48.37,1
STREAM-015-05,STREAM-BATCH-015,15,Incipient-Drift,817.56,116.53,3087.7,48.37,2.367,145.63,15.23,44.88,1
STREAM-015-06,STREAM-BATCH-015,15,Incipient-Drift,817.56,106.61,3030.9,46.31,1.336,153.96,12.45,58.21,0
STREAM-015-07,STREAM-BATCH-015,15,Incipient-Drift,824.56,112.56,3116.2,41.43,2.103,150.05,14.01,53.18,0
STREAM-015-08,STREAM-BATCH-015,15,Incipient-Drift,844.1,121.95,3355.1,46.59,1.578,151.22,13.36,46.26,1
STREAM-015-09,STREAM-BATCH-015,15,Incipient-Drift,834.38,118.3,3094.3,44.62,1.733,148.6,14.96,50.95,0
STREAM-015-10,STREAM-BATCH-015,15,Incipient-Drift,847.36,127.03,2998.2,44.63,2.288,147.06,12.56,52.78,0
STREAM-015-11,STREAM-BATCH-015,15,Incipient-Drift,823.61,128.01,3157.2,41.1,1.816,144.72,13.01,50.78,0
STREAM-015-12,STREAM-BATCH-015,15,Incipient-Drift,828.06,111.77,3171.5,46.63,1.977,152.04,14.5,50.7,0
STREAM-015-13,STREAM-BATCH-015,15,Incipient-Drift,822.5,121.79,3095.5,48.47,1.586,149.65,13.11,51.4,0
STREAM-015-14,STREAM-BATCH-015,15,Incipient-Drift,815.56,126.1,3233.1,49.65,2.384,150.38,13.42,48.62,0
STREAM-015-15,STREAM-BATCH-015,15,Incipient-Drift,834.04,126.05,3152.0,41.83,2.18,150.57,13.53,46.07,0
STREAM-015-16,STREAM-BATCH-015,15,Incipient-Drift,839.2,123.84,3099.7,45.3,2.404,152.12,13.08,51.81,0
STREAM-015-17,STREAM-BATCH-015,15,Incipient-Drift,819.49,118.59,3304.1,42.43,2.121,150.62,15.32,54.49,0
STREAM-015-18,STREAM-BATCH-015,15,Incipient-Drift,819.78,114.0,2999.4,47.2,2.04,145.43,11.74,53.72,0
STREAM-015-19,STREAM-BATCH-015,15,Incipient-Drift,867.26,123.63,2923.3,44.99,2.368,155.9,11.53,56.66,0
STREAM-015-20,STREAM-BATCH-015,15,Incipient-Drift,876.98,103.39,3054.7,40.45,1.493,147.92,13.67,49.56,0
STREAM-015-21,STREAM-BATCH-015,15,Incipient-Drift,800.94,104.47,3287.0,47.06,2.371,152.96,15.22,54.64,0
STREAM-015-22,STREAM-BATCH-015,15,Incipient-Drift,826.63,121.75,3196.0,43.73,2.151,151.12,13.07,46.17,1
STREAM-015-23,STREAM-BATCH-015,15,Incipient-Drift,835.49,118.19,3259.0,45.69,1.707,147.6,13.82,45.99,0
STREAM-015-24,STREAM-BATCH-015,15,Incipient-Drift,820.91,119.73,3309.3,49.19,2.103,146.0,11.42,50.95,0
STREAM-016-00,STREAM-BATCH-016,16,Incipient-Drift,856.99,122.72,2949.6,48.25,2.485,151.63,12.69,39.89,0
STREAM-016-01,STREAM-BATCH-016,16,Incipient-Drift,842.12,123.72,3032.9,43.24,1.786,157.94,13.73,53.59,0
STREAM-016-02,STREAM-BATCH-016,16,Incipient-Drift,839.66,121.88,3061.6,42.18,1.675,154.89,13.64,51.5,1
STREAM-016-03,STREAM-BATCH-016,16,Incipient-Drift,818.96,121.59,3128.0,43.29,1.595,156.94,12.54,50.54,0
STREAM-016-04,STREAM-BATCH-016,16,Incipient-Drift,821.93,121.49,3328.4,39.23,2.112,157.14,12.25,45.95,0
STREAM-016-05,STREAM-BATCH-016,16,Incipient-Drift,830.03,129.39,3293.6,42.06,2.346,161.4,11.13,42.46,0
STREAM-016-06,STREAM-BATCH-016,16,Incipient-Drift,835.32,140.69,3269.2,42.61,1.758,159.27,12.57,48.1,1
STREAM-016-07,STREAM-BATCH-016,16,Incipient-Drift,815.98,114.24,3195.3,48.3,1.792,158.06,13.48,43.48,1
STREAM-016-08,STREAM-BATCH-016,16,Incipient-Drift,830.44,121.04,3075.4,44.93,2.377,153.03,13.69,49.88,0
STREAM-016-09,STREAM-BATCH-016,16,Incipient-Drift,839.71,126.98,3205.2,44.3,2.324,154.63,12.49,48.43,0
STREAM-016-10,STREAM-BATCH-016,16,Incipient-Drift,852.81,129.55,3268.7,43.87,1.947,154.56,13.23,41.11,0
STREAM-016-11,STREAM-BATCH-016,16,Incipient-Drift,839.15,119.46,3300.9,48.87,2.11,150.12,13.23,51.29,0
STREAM-016-12,STREAM-BATCH-016,16,Incipient-Drift,829.28,135.0,3302.8,43.64,2.04,155.04,15.97,49.75,0
STREAM-016-13,STREAM-BATCH-016,16,Incipient-Drift,847.48,116.82,3047.2,47.85,2.203,159.2,15.47,55.42,0
STREAM-016-14,STREAM-BATCH-016,16,Incipient-Drift,844.53,120.09,3189.9,41.03,1.702,155.59,8.93,47.82,0
STREAM-016-15,STREAM-BATCH-016,16,Incipient-Drift,829.75,107.22,3170.1,45.64,2.002,159.56,12.4,50.58,0
STREAM-016-16,STREAM-BATCH-016,16,Incipient-Drift,857.02,117.78,3033.3,52.07,2.014,152.59,14.16,53.23,0
STREAM-016-17,STREAM-BATCH-016,16,Incipient-Drift,817.81,116.76,3188.7,42.57,2.162,154.76,13.75,45.86,0
STREAM-016-18,STREAM-BATCH-016,16,Incipient-Drift,853.88,133.71,3166.4,42.55,1.578,157.34,12.39,49.86,0
STREAM-016-19,STREAM-BATCH-016,16,Incipient-Drift,818.16,120.74,3118.8,44.59,1.823,155.8,13.23,49.68,0
STREAM-016-20,STREAM-BATCH-016,16,Incipient-Drift,871.09,135.16,3343.8,44.59,2.029,158.27,10.74,55.04,0
STREAM-016-21,STREAM-BATCH-016,16,Incipient-Drift,853.63,138.49,3125.4,43.85,1.951,153.19,10.6,54.7,0
STREAM-016-22,STREAM-BATCH-016,16,Incipient-Drift,869.17,120.24,3116.5,44.27,1.873,154.83,13.28,54.18,0
STREAM-016-23,STREAM-BATCH-016,16,Incipient-Drift,827.0,139.05,3334.6,45.88,1.712,155.23,13.79,50.7,1
STREAM-016-24,STREAM-BATCH-016,16,Incipient-Drift,835.43,111.51,3128.1,41.3,1.14,157.37,12.72,46.47,1
STREAM-017-00,STREAM-BATCH-017,17,Incipient-Drift,827.67,111.88,3243.9,47.83,2.309,164.53,13.89,50.74,1
STREAM-017-01,STREAM-BATCH-017,17,Incipient-Drift,823.97,125.91,3144.9,37.56,2.112,170.22,12.34,43.27,0
STREAM-017-02,STREAM-BATCH-017,17,Incipient-Drift,862.52,122.47,3201.9,45.08,1.694,160.4,14.47,44.17,1
STREAM-017-03,STREAM-BATCH-017,17,Incipient-Drift,884.13,128.57,2978.0,40.81,1.835,153.62,11.51,51.74,0
STREAM-017-04,STREAM-BATCH-017,17,Incipient-Drift,826.16,113.52,3130.6,43.56,2.094,166.16,10.93,51.25,0
STREAM-017-05,STREAM-BATCH-017,17,Incipient-Drift,847.2,120.24,3208.6,41.44,2.761,163.47,12.14,47.67,0
STREAM-017-06,STREAM-BATCH-017,17,Incipient-Drift,820.81,144.5,3019.0,45.49,2.101,163.45,10.37,50.23,0
STREAM-017-07,STREAM-BATCH-017,17,Incipient-Drift,825.65,127.34,2974.3,42.87,2.054,163.66,12.28,46.54,0
STREAM-017-08,STREAM-BATCH-017,17,Incipient-Drift,830.41,129.74,3176.2,48.8,1.734,161.29,15.01,48.41,0
STREAM-017-09,STREAM-BATCH-017,17,Incipient-Drift,836.2,122.4,3197.3,46.52,1.825,165.41,11.4,44.33,0
STREAM-017-10,STREAM-BATCH-017,17,Incipient-Drift,849.44,127.94,3056.1,39.52,1.868,155.82,12.26,49.86,1
STREAM-017-11,STREAM-BATCH-017,17,Incipient-Drift,832.3,116.69,3201.0,43.65,2.195,160.12,12.18,47.38,0
STREAM-017-12,STREAM-BATCH-017,17,Incipient-Drift,852.55,131.54,3186.7,41.37,2.548,157.79,13.24,55.82,1
STREAM-017-13,STREAM-BATCH-017,17,Incipient-Drift,852.1,119.31,3131.0,42.47,2.292,163.51,12.75,46.06,0
STREAM-017-14,STREAM-BATCH-017,17,Incipient-Drift,847.55,134.73,3102.3,40.85,1.904,163.05,11.17,40.91,0
STREAM-017-15,STREAM-BATCH-017,17,Incipient-Drift,854.29,130.24,3410.0,39.27,1.769,158.49,14.51,51.23,0
STREAM-017-16,STREAM-BATCH-017,17,Incipient-Drift,823.63,123.83,3289.1,49.29,1.534,164.09,14.6,57.01,0
STREAM-017-17,STREAM-BATCH-017,17,Incipient-Drift,843.48,137.59,3161.4,39.45,2.032,163.4,12.72,40.53,0
STREAM-017-18,STREAM-BATCH-017,17,Incipient-Drift,823.79,122.87,3346.1,42.05,1.85,165.98,12.07,47.28,1
STREAM-017-19,STREAM-BATCH-017,17,Incipient-Drift,835.71,107.67,3053.6,42.08,1.999,161.74,11.39,53.82,0
STREAM-017-20,STREAM-BATCH-017,17,Incipient-Drift,845.25,124.32,3244.8,44.58,2.247,160.17,12.82,47.79,0
STREAM-017-21,STREAM-BATCH-017,17,Incipient-Drift,845.96,138.11,3138.8,42.15,2.102,158.95,12.16,51.93,0
STREAM-017-22,STREAM-BATCH-017,17,Incipient-Drift,857.0,121.84,3122.5,46.57,2.37,164.48,11.43,51.59,0
STREAM-017-23,STREAM-BATCH-017,17,Incipient-Drift,845.64,120.44,3203.0,44.71,1.917,152.98,13.51,54.45,1
STREAM-017-24,STREAM-BATCH-017,17,Incipient-Drift,838.61,118.8,3149.7,38.33,2.487,160.23,13.92,45.18,0
STREAM-018-00,STREAM-BATCH-018,18,Incipient-Drift,804.47,119.48,3132.7,50.07,2.882,173.59,11.24,53.88,1
STREAM-018-01,STREAM-BATCH-018,18,Incipient-Drift,850.85,112.16,3296.4,43.07,2.071,170.49,11.68,47.14,1
STREAM-018-02,STREAM-BATCH-018,18,Incipient-Drift,829.69,129.52,3462.0,45.99,2.02,168.01,10.78,50.2,0
STREAM-018-03,STREAM-BATCH-018,18,Incipient-Drift,831.84,135.76,3271.9,48.13,2.432,167.14,11.79,45.71,0
STREAM-018-04,STREAM-BATCH-018,18,Incipient-Drift,861.02,137.07,3006.0,47.25,2.285,162.6,13.23,55.74,1
STREAM-018-05,STREAM-BATCH-018,18,Incipient-Drift,866.43,119.68,3118.9,49.22,2.223,168.24,10.74,49.13,0
STREAM-018-06,STREAM-BATCH-018,18,Incipient-Drift,854.17,129.37,3005.4,40.2,2.157,168.51,10.87,44.57,0
STREAM-018-07,STREAM-BATCH-018,18,Incipient-Drift,861.34,134.14,3029.0,45.28,1.547,167.5,13.31,43.18,0
STREAM-018-08,STREAM-BATCH-018,18,Incipient-Drift,819.15,138.1,3157.5,45.22,1.716,169.51,11.42,47.62,0
STREAM-018-09,STREAM-BATCH-018,18,Incipient-Drift,870.87,131.2,3164.7,41.95,1.931,169.25,12.29,51.2,0
STREAM-018-10,STREAM-BATCH-018,18,Incipient-Drift,868.56,128.21,3185.8,43.89,2.029,165.41,12.05,43.63,0
STREAM-018-11,STREAM-BATCH-018,18,Incipient-Drift,837.22,139.74,3222.3,40.62,1.793,171.77,11.8,46.28,0
STREAM-018-12,STREAM-BATCH-018,18,Incipient-Drift,868.71,136.76,3257.9,45.75,2.351,170.52,12.48,58.55,0
STREAM-018-13,STREAM-BATCH-018,18,Incipient-Drift,820.69,131.22,3062.2,47.71,1.647,168.28,11.86,46.52,0
STREAM-018-14,STREAM-BATCH-018,18,Incipient-Drift,842.02,134.02,3165.2,44.19,1.779,168.04,13.99,48.42,1
STREAM-018-15,STREAM-BATCH-018,18,Incipient-Drift,810.14,123.54,3300.2,43.58,2.609,169.34,11.29,46.1,0
STREAM-018-16,STREAM-BATCH-018,18,Incipient-Drift,842.34,137.88,2901.3,47.8,2.192,171.16,12.21,42.95,1
STREAM-018-17,STREAM-BATCH-018,18,Incipient-Drift,844.13,123.04,3227.4,46.8,1.957,168.53,11.69,44.29,0
STREAM-018-18,STREAM-BATCH-018,18,Incipient-Drift,874.95,133.76,3191.4,41.38,1.842,167.32,11.3,47.75,0
STREAM-018-19,STREAM-BATCH-018,18,Incipient-Drift,827.31,128.08,3137.4,41.76,1.517,167.59,10.95,48.5,0
STREAM-018-20,STREAM-BATCH-018,18,Incipient-Drift,865.57,132.94,3103.3,47.88,1.945,162.04,11.18,47.27,0
STREAM-018-21,STREAM-BATCH-018,18,Incipient-Drift,846.71,130.53,3217.7,51.64,1.866,168.63,10.85,46.1,0
STREAM-018-22,STREAM-BATCH-018,18,Incipient-Drift,842.67,119.79,3026.8,41.01,1.909,166.91,10.13,46.83,1
STREAM-018-23,STREAM-BATCH-018,18,Incipient-Drift,842.54,137.91,3094.8,47.34,2.321,168.97,13.04,50.19,1
STREAM-018-24,STREAM-BATCH-018,18,Incipient-Drift,824.33,131.41,2959.7,41.82,2.188,167.83,9.88,52.71,1
STREAM-019-00,STREAM-BATCH-019,19,Incipient-Drift,853.5,131.68,3233.0,47.35,1.917,174.09,10.27,44.25,1
STREAM-019-01,STREAM-BATCH-019,19,Incipient-Drift,847.09,136.05,3288.0,48.68,2.139,173.34,10.09,42.72,0
STREAM-019-02,STREAM-BATCH-019,19,Incipient-Drift,819.5,124.75,3273.9,42.82,2.175,175.11,13.37,44.59,1
STREAM-019-03,STREAM-BATCH-019,19,Incipient-Drift,855.36,118.05,3156.7,43.2,2.008,171.23,10.24,54.09,1
STREAM-019-04,STREAM-BATCH-019,19,Incipient-Drift,883.56,120.37,3168.7,40.36,1.605,170.8,10.64,53.23,0
STREAM-019-05,STREAM-BATCH-019,19,Incipient-Drift,859.68,138.75,3126.5,38.38,2.274,178.58,11.75,49.25,0
STREAM-019-06,STREAM-BATCH-019,19,Incipient-Drift,873.3,131.87,3150.9,44.06,1.87,166.51,12.26,52.48,0
STREAM-019-07,STREAM-BATCH-019,19,Incipient-Drift,830.19,139.09,2996.4,42.12,2.424,173.24,12.04,54.86,0
STREAM-019-08,STREAM-BATCH-019,19,Incipient-Drift,830.9,112.24,3157.2,43.58,1.439,172.22,9.89,54.74,1
STREAM-019-09,STREAM-BATCH-019,19,Incipient-Drift,863.72,127.12,3235.5,43.71,2.005,176.88,10.25,51.62,1
STREAM-019-10,STREAM-BATCH-019,19,Incipient-Drift,857.96,119.0,3214.3,46.53,2.326,176.29,9.63,56.91,0
STREAM-019-11,STREAM-BATCH-019,19,Incipient-Drift,837.42,130.0,3101.9,37.37,1.906,176.23,11.76,44.94,0
STREAM-019-12,STREAM-BATCH-019,19,Incipient-Drift,845.16,128.87,3221.6,44.34,1.612,175.08,10.79,50.14,0
STREAM-019-13,STREAM-BATCH-019,19,Incipient-Drift,853.56,125.36,3044.3,40.49,1.922,173.08,11.03,48.67,0
STREAM-019-14,STREAM-BATCH-019,19,Incipient-Drift,851.12,120.22,3141.1,50.49,2.509,170.97,12.6,47.03,0
STREAM-019-15,STREAM-BATCH-019,19,Incipient-Drift,837.24,130.33,3100.5,42.83,2.319,172.43,12.35,44.0,1
STREAM-019-16,STREAM-BATCH-019,19,Incipient-Drift,839.25,121.6,3229.3,40.89,1.677,180.05,11.32,41.07,0
STREAM-019-17,STREAM-BATCH-019,19,Incipient-Drift,855.51,134.27,3291.3,38.57,2.099,174.25,12.64,46.4,0
STREAM-019-18,STREAM-BATCH-019,19,Incipient-Drift,877.12,112.2,3186.3,43.25,1.998,171.16,11.63,48.08,0
STREAM-019-19,STREAM-BATCH-019,19,Incipient-Drift,855.92,117.82,3293.4,40.97,2.189,171.69,11.75,54.31,1
STREAM-019-20,STREAM-BATCH-019,19,Incipient-Drift,844.95,113.84,2935.1,42.82,2.476,172.6,11.87,46.89,0
STREAM-019-21,STREAM-BATCH-019,19,Incipient-Drift,836.15,127.85,3089.9,39.47,2.503,180.26,13.86,48.37,0
STREAM-019-22,STREAM-BATCH-019,19,Incipient-Drift,869.16,128.39,3212.4,45.76,2.48,177.39,10.8,50.55,1
STREAM-019-23,STREAM-BATCH-019,19,Incipient-Drift,844.09,117.38,3276.0,40.4,2.14,174.89,9.59,52.95,0
STREAM-019-24,STREAM-BATCH-019,19,Incipient-Drift,811.93,113.98,3074.2,47.6,2.501,170.69,11.01,44.15,1
STREAM-020-00,STREAM-BATCH-020,20,Incipient-Drift,839.45,105.15,3432.5,47.13,2.408,180.85,9.02,51.76,1
STREAM-020-01,STREAM-BATCH-020,20,Incipient-Drift,860.88,131.21,3277.3,42.25,2.884,174.39,10.66,57.24,0
STREAM-020-02,STREAM-BATCH-020,20,Incipient-Drift,850.75,130.9,3137.3,47.84,2.389,179.93,13.69,50.98,1
STREAM-020-03,STREAM-BATCH-020,20,Incipient-Drift,850.79,129.27,3017.7,42.4,1.809,179.06,10.2,46.45,0
STREAM-020-04,STREAM-BATCH-020,20,Incipient-Drift,852.5,135.41,3089.6,50.74,2.427,183.72,9.96,45.88,0
STREAM-020-05,STREAM-BATCH-020,20,Incipient-Drift,843.88,129.42,3111.7,46.61,2.171,180.59,11.04,54.63,1
STREAM-020-06,STREAM-BATCH-020,20,Incipient-Drift,833.1,132.44,3151.0,45.18,1.955,183.52,12.29,45.13,0
STREAM-020-07,STREAM-BATCH-020,20,Incipient-Drift,846.46,130.05,3213.6,46.5,2.002,179.19,10.33,49.87,0
STREAM-020-08,STREAM-BATCH-020,20,Incipient-Drift,869.03,135.04,3086.7,41.2,2.098,177.66,11.16,47.48,0
STREAM-020-09,STREAM-BATCH-020,20,Incipient-Drift,845.88,130.44,3245.6,37.79,2.276,182.87,10.99,55.19,0
STREAM-020-10,STREAM-BATCH-020,20,Incipient-Drift,856.26,118.36,3078.5,42.52,2.549,181.62,11.18,50.96,0
STREAM-020-11,STREAM-BATCH-020,20,Incipient-Drift,834.79,136.51,3077.0,42.47,2.193,180.31,10.62,45.09,0
STREAM-020-12,STREAM-BATCH-020,20,Incipient-Drift,865.7,122.56,3229.0,45.67,2.324,181.97,11.56,49.15,0
STREAM-020-13,STREAM-BATCH-020,20,Incipient-Drift,849.35,128.27,3131.5,42.23,2.201,182.23,10.51,49.16,0
STREAM-020-14,STREAM-BATCH-020,20,Incipient-Drift,847.98,124.28,3048.6,47.53,1.711,180.12,11.13,51.88,1
STREAM-020-15,STREAM-BATCH-020,20,Incipient-Drift,847.06,114.46,3258.3,45.44,1.648,181.34,11.09,46.29,0
STREAM-020-16,STREAM-BATCH-020,20,Incipient-Drift,849.79,133.69,3051.8,43.22,2.051,183.08,10.87,39.95,1
STREAM-020-17,STREAM-BATCH-020,20,Incipient-Drift,826.45,138.39,3091.3,45.23,2.161,179.12,12.43,53.55,0
STREAM-020-18,STREAM-BATCH-020,20,Incipient-Drift,859.25,130.63,3206.1,40.02,2.183,182.12,10.78,47.89,0
STREAM-020-19,STREAM-BATCH-020,20,Incipient-Drift,839.37,112.82,3147.8,43.36,2.341,179.53,11.68,46.09,0
STREAM-020-20,STREAM-BATCH-020,20,Incipient-Drift,841.88,123.86,2919.1,41.97,2.417,178.7,10.04,45.74,0
STREAM-020-21,STREAM-BATCH-020,20,Incipient-Drift,854.49,131.03,3032.4,48.65,2.45,179.19,11.03,50.27,0
STREAM-020-22,STREAM-BATCH-020,20,Incipient-Drift,855.84,129.86,3239.3,46.21,2.272,175.19,9.41,48.96,0
STREAM-020-23,STREAM-BATCH-020,20,Incipient-Drift,846.44,132.89,2962.5,47.48,1.782,182.05,11.34,56.7,0
STREAM-020-24,STREAM-BATCH-020,20,Incipient-Drift,837.69,124.34,3242.7,43.08,1.9,179.12,9.62,49.93,0
STREAM-021-00,STREAM-BATCH-021,21,Severe-Out-Of-Control,852.0,114.08,3136.9,51.27,2.507,187.36,9.56,47.08,1
STREAM-021-01,STREAM-BATCH-021,21,Severe-Out-Of-Control,814.65,131.12,3262.2,42.39,2.421,186.57,10.58,48.14,1
STREAM-021-02,STREAM-BATCH-021,21,Severe-Out-Of-Control,874.3,146.28,3132.5,37.32,2.612,191.62,9.53,42.64,1
STREAM-021-03,STREAM-BATCH-021,21,Severe-Out-Of-Control,861.58,125.39,3060.0,46.84,3.119,192.36,10.56,49.97,1
STREAM-021-04,STREAM-BATCH-021,21,Severe-Out-Of-Control,868.3,116.98,3226.1,41.97,2.503,186.42,9.35,50.01,0
STREAM-021-05,STREAM-BATCH-021,21,Severe-Out-Of-Control,835.05,126.77,3260.7,45.37,2.969,187.29,8.44,43.56,1
STREAM-021-06,STREAM-BATCH-021,21,Severe-Out-Of-Control,872.42,134.17,3035.0,39.79,2.369,190.18,9.05,46.74,1
STREAM-021-07,STREAM-BATCH-021,21,Severe-Out-Of-Control,865.39,133.08,3203.6,49.2,1.968,187.37,11.12,53.29,0
STREAM-021-08,STREAM-BATCH-021,21,Severe-Out-Of-Control,877.32,125.38,3291.7,35.61,2.67,186.95,9.51,44.93,0
STREAM-021-09,STREAM-BATCH-021,21,Severe-Out-Of-Control,878.59,134.77,3155.0,46.76,2.971,183.67,8.64,55.77,1
STREAM-021-10,STREAM-BATCH-021,21,Severe-Out-Of-Control,860.39,133.01,2968.5,44.19,2.136,188.17,9.47,46.29,1
STREAM-021-11,STREAM-BATCH-021,21,Severe-Out-Of-Control,858.8,130.75,3180.8,38.97,2.147,182.33,6.92,60.95,0
STREAM-021-12,STREAM-BATCH-021,21,Severe-Out-Of-Control,864.43,137.84,3131.7,42.75,2.675,187.92,10.43,53.24,1
STREAM-021-13,STREAM-BATCH-021,21,Severe-Out-Of-Control,880.93,132.09,3179.1,48.05,2.601,188.5,8.77,50.51,0
STREAM-021-14,STREAM-BATCH-021,21,Severe-Out-Of-Control,831.72,133.18,3296.0,39.05,2.345,188.26,7.41,50.83,0
STREAM-021-15,STREAM-BATCH-021,21,Severe-Out-Of-Control,869.83,120.61,3095.4,42.07,2.828,187.43,8.99,46.76,0
STREAM-021-16,STREAM-BATCH-021,21,Severe-Out-Of-Control,876.54,133.01,3007.9,43.0,2.286,187.35,9.61,42.29,1
STREAM-021-17,STREAM-BATCH-021,21,Severe-Out-Of-Control,872.75,130.39,3229.0,42.81,2.974,185.6,9.79,55.21,0
STREAM-021-18,STREAM-BATCH-021,21,Severe-Out-Of-Control,866.29,124.62,3243.3,38.81,2.384,189.56,11.66,48.91,0
STREAM-021-19,STREAM-BATCH-021,21,Severe-Out-Of-Control,846.27,147.51,3175.3,45.02,2.239,185.54,10.95,52.22,1
STREAM-021-20,STREAM-BATCH-021,21,Severe-Out-Of-Control,856.96,126.48,3149.1,48.81,2.383,185.6,8.57,53.61,0
STREAM-021-21,STREAM-BATCH-021,21,Severe-Out-Of-Control,854.65,124.55,3136.6,45.2,2.561,181.1,9.6,50.91,0
STREAM-021-22,STREAM-BATCH-021,21,Severe-Out-Of-Control,868.98,144.25,3357.5,44.66,2.189,189.38,7.05,40.4,1
STREAM-021-23,STREAM-BATCH-021,21,Severe-Out-Of-Control,863.91,155.47,3270.4,43.66,2.854,182.84,9.83,50.6,1
STREAM-021-24,STREAM-BATCH-021,21,Severe-Out-Of-Control,866.45,132.36,3146.1,52.17,2.862,188.23,6.93,45.99,0
STREAM-022-00,STREAM-BATCH-022,22,Severe-Out-Of-Control,873.95,136.04,3040.4,46.32,2.207,191.55,11.47,43.97,1
STREAM-022-01,STREAM-BATCH-022,22,Severe-Out-Of-Control,865.84,110.18,3134.6,43.31,2.218,197.76,9.95,53.86,1
STREAM-022-02,STREAM-BATCH-022,22,Severe-Out-Of-Control,831.06,129.38,2948.6,45.54,3.183,190.92,9.58,53.27,1
STREAM-022-03,STREAM-BATCH-022,22,Severe-Out-Of-Control,863.02,110.07,3133.1,42.57,2.479,191.78,10.79,49.67,1
STREAM-022-04,STREAM-BATCH-022,22,Severe-Out-Of-Control,827.2,120.3,3051.5,42.02,2.404,192.59,9.07,45.75,1
STREAM-022-05,STREAM-BATCH-022,22,Severe-Out-Of-Control,874.06,123.88,3340.2,44.3,3.252,193.55,9.53,48.05,1
STREAM-022-06,STREAM-BATCH-022,22,Severe-Out-Of-Control,837.72,132.15,3031.3,41.18,2.603,189.23,8.7,46.37,1
STREAM-022-07,STREAM-BATCH-022,22,Severe-Out-Of-Control,886.48,132.61,2998.9,42.41,2.712,190.82,10.54,46.4,1
STREAM-022-08,STREAM-BATCH-022,22,Severe-Out-Of-Control,862.3,113.94,3119.6,51.57,2.49,190.04,10.01,48.7,0
STREAM-022-09,STREAM-BATCH-022,22,Severe-Out-Of-Control,885.95,125.51,3246.4,42.76,2.566,193.1,10.78,54.35,0
STREAM-022-10,STREAM-BATCH-022,22,Severe-Out-Of-Control,880.73,127.89,3306.8,49.58,2.538,189.37,10.13,42.07,0
STREAM-022-11,STREAM-BATCH-022,22,Severe-Out-Of-Control,854.27,114.22,3069.4,39.7,2.487,192.96,8.76,50.98,1
STREAM-022-12,STREAM-BATCH-022,22,Severe-Out-Of-Control,839.28,133.72,3096.9,39.69,3.215,186.62,9.26,51.34,0
STREAM-022-13,STREAM-BATCH-022,22,Severe-Out-Of-Control,831.68,143.78,2908.4,46.58,2.295,193.32,9.79,53.49,0
STREAM-022-14,STREAM-BATCH-022,22,Severe-Out-Of-Control,861.39,147.86,3288.2,40.61,2.681,190.71,10.71,48.82,1
STREAM-022-15,STREAM-BATCH-022,22,Severe-Out-Of-Control,834.8,136.34,3058.9,42.77,2.893,191.41,10.11,48.64,1
STREAM-022-16,STREAM-BATCH-022,22,Severe-Out-Of-Control,848.32,119.4,3314.6,46.45,2.708,194.78,10.81,53.51,0
STREAM-022-17,STREAM-BATCH-022,22,Severe-Out-Of-Control,821.68,132.25,3208.6,41.24,2.805,193.28,10.21,51.11,1
STREAM-022-18,STREAM-BATCH-022,22,Severe-Out-Of-Control,848.12,141.17,3381.8,39.51,3.322,193.92,7.29,51.41,1
STREAM-022-19,STREAM-BATCH-022,22,Severe-Out-Of-Control,833.55,132.82,3324.3,40.26,2.767,188.85,9.18,47.07,0
STREAM-022-20,STREAM-BATCH-022,22,Severe-Out-Of-Control,831.04,124.72,3093.6,39.5,2.255,189.96,9.38,48.58,0
STREAM-022-21,STREAM-BATCH-022,22,Severe-Out-Of-Control,870.53,137.41,2995.1,40.1,2.844,198.89,9.45,49.31,1
STREAM-022-22,STREAM-BATCH-022,22,Severe-Out-Of-Control,843.28,146.16,3233.9,48.21,3.262,192.87,11.2,55.79,1
STREAM-022-23,STREAM-BATCH-022,22,Severe-Out-Of-Control,855.15,130.25,3172.9,41.0,2.299,195.01,10.95,46.92,1
STREAM-022-24,STREAM-BATCH-022,22,Severe-Out-Of-Control,854.15,134.56,3063.7,39.19,2.49,192.05,11.03,46.41,1
STREAM-023-00,STREAM-BATCH-023,23,Severe-Out-Of-Control,874.84,133.11,3092.2,44.75,2.156,196.13,10.73,50.7,1
STREAM-023-01,STREAM-BATCH-023,23,Severe-Out-Of-Control,884.71,141.04,3169.7,36.44,2.267,192.61,8.83,47.95,1
STREAM-023-02,STREAM-BATCH-023,23,Severe-Out-Of-Control,864.57,130.4,3219.9,41.0,2.988,196.06,8.69,47.11,0
STREAM-023-03,STREAM-BATCH-023,23,Severe-Out-Of-Control,837.03,140.19,3214.4,48.47,2.331,197.82,8.06,48.41,1
STREAM-023-04,STREAM-BATCH-023,23,Severe-Out-Of-Control,861.48,138.34,3076.5,46.27,3.356,202.62,11.03,51.74,1
STREAM-023-05,STREAM-BATCH-023,23,Severe-Out-Of-Control,821.37,150.86,3203.5,46.53,2.583,199.44,9.59,49.28,1
STREAM-023-06,STREAM-BATCH-023,23,Severe-Out-Of-Control,843.96,138.36,3344.3,46.54,2.63,201.83,9.65,48.61,0
STREAM-023-07,STREAM-BATCH-023,23,Severe-Out-Of-Control,852.27,134.86,3247.8,44.52,3.095,195.15,9.04,51.77,1
STREAM-023-08,STREAM-BATCH-023,23,Severe-Out-Of-Control,851.27,145.05,3223.5,44.44,2.404,195.55,9.76,52.47,0
STREAM-023-09,STREAM-BATCH-023,23,Severe-Out-Of-Control,867.19,128.92,3130.5,47.26,2.704,194.56,8.34,52.24,1
STREAM-023-10,STREAM-BATCH-023,23,Severe-Out-Of-Control,834.04,127.77,3264.4,45.53,2.402,196.93,12.45,55.54,1
STREAM-023-11,STREAM-BATCH-023,23,Severe-Out-Of-Control,862.23,143.26,3179.1,45.82,2.761,198.62,11.57,48.33,1
STREAM-023-12,STREAM-BATCH-023,23,Severe-Out-Of-Control,857.72,137.01,3045.4,43.08,2.214,198.08,11.49,50.76,0
STREAM-023-13,STREAM-BATCH-023,23,Severe-Out-Of-Control,843.49,121.39,3171.6,44.02,2.406,198.06,9.16,41.5,1
STREAM-023-14,STREAM-BATCH-023,23,Severe-Out-Of-Control,847.13,141.42,3256.3,43.3,2.463,204.7,9.41,48.43,0
STREAM-023-15,STREAM-BATCH-023,23,Severe-Out-Of-Control,838.89,127.46,3079.4,45.61,2.968,198.77,6.91,52.45,0
STREAM-023-16,STREAM-BATCH-023,23,Severe-Out-Of-Control,881.02,145.44,2936.0,40.99,2.38,199.52,9.67,47.5,0
STREAM-023-17,STREAM-BATCH-023,23,Severe-Out-Of-Control,846.08,140.08,2975.2,48.18,3.0,196.96,10.68,46.84,1
STREAM-023-18,STREAM-BATCH-023,23,Severe-Out-Of-Control,847.67,128.38,3254.1,48.97,2.592,203.07,10.3,52.48,1
STREAM-023-19,STREAM-BATCH-023,23,Severe-Out-Of-Control,851.05,125.25,3079.7,43.82,2.535,200.5,7.5,47.27,1
STREAM-023-20,STREAM-BATCH-023,23,Severe-Out-Of-Control,859.89,117.46,3105.5,44.37,2.813,200.8,9.35,47.01,1
STREAM-023-21,STREAM-BATCH-023,23,Severe-Out-Of-Control,844.57,130.67,3201.9,44.05,3.105,195.92,10.08,44.81,0
STREAM-023-22,STREAM-BATCH-023,23,Severe-Out-Of-Control,878.08,123.91,3223.3,40.75,2.65,199.28,10.88,41.79,0
STREAM-023-23,STREAM-BATCH-023,23,Severe-Out-Of-Control,866.38,133.65,2803.8,41.14,2.79,194.97,9.77,54.4,1
STREAM-023-24,STREAM-BATCH-023,23,Severe-Out-Of-Control,863.99,124.42,3090.7,45.07,2.395,201.14,9.28,52.17,1
STREAM-024-00,STREAM-BATCH-024,24,Severe-Out-Of-Control,853.74,129.76,3261.3,43.57,2.538,202.14,9.76,50.27,1
STREAM-024-01,STREAM-BATCH-024,24,Severe-Out-Of-Control,874.67,126.95,3222.9,39.87,2.477,202.77,10.06,45.91,0
STREAM-024-02,STREAM-BATCH-024,24,Severe-Out-Of-Control,861.02,132.54,3144.8,43.0,2.856,210.43,8.61,44.81,0
STREAM-024-03,STREAM-BATCH-024,24,Severe-Out-Of-Control,859.71,131.06,3195.0,44.98,2.165,196.84,10.3,51.58,0
STREAM-024-04,STREAM-BATCH-024,24,Severe-Out-Of-Control,859.34,132.0,3163.7,46.17,2.391,200.62,8.9,47.52,1
STREAM-024-05,STREAM-BATCH-024,24,Severe-Out-Of-Control,843.11,133.59,3071.6,46.94,2.492,205.37,7.45,43.91,0
STREAM-024-06,STREAM-BATCH-024,24,Severe-Out-Of-Control,852.17,137.03,3158.7,41.46,2.471,203.29,8.99,44.35,1
STREAM-024-07,STREAM-BATCH-024,24,Severe-Out-Of-Control,869.35,131.12,3272.8,44.36,2.469,205.89,11.77,52.67,1
STREAM-024-08,STREAM-BATCH-024,24,Severe-Out-Of-Control,862.88,149.93,3086.9,43.39,2.251,202.66,8.78,53.03,0
STREAM-024-09,STREAM-BATCH-024,24,Severe-Out-Of-Control,870.52,135.15,3090.9,39.55,2.854,202.96,9.41,48.47,1
STREAM-024-10,STREAM-BATCH-024,24,Severe-Out-Of-Control,875.8,136.83,2984.3,44.6,2.47,203.26,8.96,56.41,1
STREAM-024-11,STREAM-BATCH-024,24,Severe-Out-Of-Control,877.44,114.99,3232.6,49.56,2.641,204.85,10.27,50.96,1
STREAM-024-12,STREAM-BATCH-024,24,Severe-Out-Of-Control,881.31,140.04,3181.0,49.82,2.873,206.53,9.07,45.66,1
STREAM-024-13,STREAM-BATCH-024,24,Severe-Out-Of-Control,869.59,126.2,3241.3,41.69,2.771,202.99,10.05,46.85,1
STREAM-024-14,STREAM-BATCH-024,24,Severe-Out-Of-Control,864.0,133.39,3155.0,46.04,2.36,205.36,9.51,48.29,1
STREAM-024-15,STREAM-BATCH-024,24,Severe-Out-Of-Control,854.32,127.18,3208.7,47.86,2.603,206.68,9.18,49.41,1
STREAM-024-16,STREAM-BATCH-024,24,Severe-Out-Of-Control,838.4,126.16,3366.8,49.46,1.989,204.45,8.56,53.48,1
STREAM-024-17,STREAM-BATCH-024,24,Severe-Out-Of-Control,877.55,127.56,3040.8,46.92,2.461,201.26,10.74,46.5,1
STREAM-024-18,STREAM-BATCH-024,24,Severe-Out-Of-Control,850.34,129.44,3174.8,49.17,3.108,202.62,10.11,49.44,0
STREAM-024-19,STREAM-BATCH-024,24,Severe-Out-Of-Control,848.31,127.45,3215.9,41.81,1.805,202.27,8.75,52.87,1
STREAM-024-20,STREAM-BATCH-024,24,Severe-Out-Of-Control,865.46,124.02,3058.7,42.08,2.289,199.69,10.07,48.3,0
STREAM-024-21,STREAM-BATCH-024,24,Severe-Out-Of-Control,865.35,143.41,3144.5,39.33,2.697,202.93,8.81,50.45,1
STREAM-024-22,STREAM-BATCH-024,24,Severe-Out-Of-Control,897.95,134.84,3126.6,42.72,2.793,202.58,9.34,52.82,1
STREAM-024-23,STREAM-BATCH-024,24,Severe-Out-Of-Control,879.55,141.59,3193.6,45.08,2.228,200.15,9.77,53.79,1
STREAM-024-24,STREAM-BATCH-024,24,Severe-Out-Of-Control,848.79,132.75,3289.7,43.11,2.766,200.36,9.15,50.26,1
STREAM-025-00,STREAM-BATCH-025,25,Severe-Out-Of-Control,864.67,137.65,3169.3,38.09,2.534,203.7,10.89,51.01,1
STREAM-025-01,STREAM-BATCH-025,25,Severe-Out-Of-Control,870.66,124.38,3226.0,43.46,2.743,211.03,10.27,48.32,1
STREAM-025-02,STREAM-BATCH-025,25,Severe-Out-Of-Control,845.0,132.13,3103.9,40.16,2.633,212.04,7.16,54.76,1
STREAM-025-03,STREAM-BATCH-025,25,Severe-Out-Of-Control,864.82,135.28,2982.4,43.34,2.687,211.14,9.74,48.4,0
STREAM-025-04,STREAM-BATCH-025,25,Severe-Out-Of-Control,865.81,141.08,3062.8,43.65,2.668,200.35,9.84,50.29,1
STREAM-025-05,STREAM-BATCH-025,25,Severe-Out-Of-Control,853.79,126.8,3224.5,40.36,2.563,211.98,8.06,48.09,1
STREAM-025-06,STREAM-BATCH-025,25,Severe-Out-Of-Control,880.71,141.14,3072.5,39.8,2.32,204.67,8.9,54.25,0
STREAM-025-07,STREAM-BATCH-025,25,Severe-Out-Of-Control,867.32,131.95,3176.4,47.18,2.323,210.22,9.29,49.43,1
STREAM-025-08,STREAM-BATCH-025,25,Severe-Out-Of-Control,868.23,141.76,3071.6,46.57,2.642,207.91,6.76,43.61,1
STREAM-025-09,STREAM-BATCH-025,25,Severe-Out-Of-Control,873.84,137.34,3133.1,43.37,2.57,207.36,10.09,43.19,1
STREAM-025-10,STREAM-BATCH-025,25,Severe-Out-Of-Control,845.77,133.98,3152.0,39.72,3.004,210.4,7.51,46.19,0
STREAM-025-11,STREAM-BATCH-025,25,Severe-Out-Of-Control,872.87,126.99,3108.6,46.09,3.027,209.45,10.05,51.5,1
STREAM-025-12,STREAM-BATCH-025,25,Severe-Out-Of-Control,872.39,132.58,3321.1,44.09,2.667,208.94,9.17,46.35,1
STREAM-025-13,STREAM-BATCH-025,25,Severe-Out-Of-Control,864.49,127.57,3174.0,43.73,2.512,210.33,9.93,47.24,1
STREAM-025-14,STREAM-BATCH-025,25,Severe-Out-Of-Control,831.61,133.41,3091.0,43.74,2.866,209.52,11.81,51.95,1
STREAM-025-15,STREAM-BATCH-025,25,Severe-Out-Of-Control,853.96,130.21,3013.4,39.9,2.406,204.55,12.96,49.56,1
STREAM-025-16,STREAM-BATCH-025,25,Severe-Out-Of-Control,868.64,122.44,3136.4,40.67,3.0,210.15,11.07,49.2,0
STREAM-025-17,STREAM-BATCH-025,25,Severe-Out-Of-Control,872.8,144.49,3128.7,48.68,2.426,210.22,9.84,46.6,0
STREAM-025-18,STREAM-BATCH-025,25,Severe-Out-Of-Control,856.51,127.07,3260.7,46.91,2.938,210.36,10.52,49.06,0
STREAM-025-19,STREAM-BATCH-025,25,Severe-Out-Of-Control,863.42,122.22,3318.8,42.41,2.821,208.78,9.3,49.77,1
STREAM-025-20,STREAM-BATCH-025,25,Severe-Out-Of-Control,867.77,129.5,2973.1,45.64,2.7,217.26,10.35,49.3,0
STREAM-025-21,STREAM-BATCH-025,25,Severe-Out-Of-Control,882.52,130.75,3031.4,40.4,2.894,209.54,9.47,50.29,0
STREAM-025-22,STREAM-BATCH-025,25,Severe-Out-Of-Control,826.49,138.72,3012.2,44.21,3.108,211.62,10.27,53.9,0
STREAM-025-23,STREAM-BATCH-025,25,Severe-Out-Of-Control,857.39,131.04,3127.0,41.1,2.333,208.17,11.87,43.25,0
STREAM-025-24,STREAM-BATCH-025,25,Severe-Out-Of-Control,874.27,136.93,3153.2,44.59,2.589,209.47,9.52,50.45,1
STREAM-026-00,STREAM-BATCH-026,26,Severe-Out-Of-Control,873.44,124.22,3193.1,43.91,2.812,219.03,8.95,47.55,1
STREAM-026-01,STREAM-BATCH-026,26,Severe-Out-Of-Control,864.59,117.98,3199.6,42.5,2.496,215.97,8.88,49.32,0
STREAM-026-02,STREAM-BATCH-026,26,Severe-Out-Of-Control,835.62,127.7,3125.5,40.58,1.974,210.76,8.73,50.2,1
STREAM-026-03,STREAM-BATCH-026,26,Severe-Out-Of-Control,884.6,136.41,3110.9,40.43,3.119,211.59,10.72,50.17,1
STREAM-026-04,STREAM-BATCH-026,26,Severe-Out-Of-Control,879.78,123.03,3164.3,44.38,2.472,214.15,7.87,45.52,1
STREAM-026-05,STREAM-BATCH-026,26,Severe-Out-Of-Control,873.62,136.16,3237.6,41.63,2.513,222.39,9.62,55.95,1
STREAM-026-06,STREAM-BATCH-026,26,Severe-Out-Of-Control,850.96,131.58,3288.4,42.14,2.582,216.89,9.19,56.78,1
STREAM-026-07,STREAM-BATCH-026,26,Severe-Out-Of-Control,885.73,126.52,3145.7,41.04,2.82,211.16,8.77,47.76,1
STREAM-026-08,STREAM-BATCH-026,26,Severe-Out-Of-Control,881.86,141.74,3093.3,47.57,2.499,212.28,9.36,50.32,0
STREAM-026-09,STREAM-BATCH-026,26,Severe-Out-Of-Control,867.05,115.53,3106.2,42.12,2.877,215.81,9.59,42.92,0
STREAM-026-10,STREAM-BATCH-026,26,Severe-Out-Of-Control,869.61,130.54,3061.8,47.31,2.715,219.52,9.86,44.78,1
STREAM-026-11,STREAM-BATCH-026,26,Severe-Out-Of-Control,864.63,131.72,3193.2,42.9,2.024,220.27,10.04,48.95,0
STREAM-026-12,STREAM-BATCH-026,26,Severe-Out-Of-Control,862.12,137.22,2803.0,46.24,2.078,217.88,9.81,47.32,1
STREAM-026-13,STREAM-BATCH-026,26,Severe-Out-Of-Control,861.09,127.45,3312.7,48.36,2.318,222.36,8.85,50.49,1
STREAM-026-14,STREAM-BATCH-026,26,Severe-Out-Of-Control,880.75,120.81,3302.7,39.78,2.64,215.34,10.67,52.07,0
STREAM-026-15,STREAM-BATCH-026,26,Severe-Out-Of-Control,876.15,134.57,3212.4,38.96,2.204,223.04,8.77,48.08,1
STREAM-026-16,STREAM-BATCH-026,26,Severe-Out-Of-Control,849.54,129.63,3133.9,50.11,2.902,215.81,10.18,49.32,1
STREAM-026-17,STREAM-BATCH-026,26,Severe-Out-Of-Control,859.81,119.7,3220.0,46.18,2.375,211.28,10.56,47.64,1
STREAM-026-18,STREAM-BATCH-026,26,Severe-Out-Of-Control,855.21,138.15,3170.1,38.83,2.579,216.23,8.46,41.06,0
STREAM-026-19,STREAM-BATCH-026,26,Severe-Out-Of-Control,866.84,131.11,3228.5,48.24,2.904,211.31,10.83,51.49,1
STREAM-026-20,STREAM-BATCH-026,26,Severe-Out-Of-Control,854.9,129.39,3275.6,40.37,2.143,214.87,9.27,50.2,0
STREAM-026-21,STREAM-BATCH-026,26,Severe-Out-Of-Control,857.98,125.51,3127.3,47.45,2.776,217.7,10.36,52.68,1
STREAM-026-22,STREAM-BATCH-026,26,Severe-Out-Of-Control,889.42,133.49,3245.2,44.93,2.9,218.92,8.79,46.41,0
STREAM-026-23,STREAM-BATCH-026,26,Severe-Out-Of-Control,868.05,122.67,2995.7,41.44,2.467,216.35,8.68,46.64,0
STREAM-026-24,STREAM-BATCH-026,26,Severe-Out-Of-Control,859.07,130.41,3079.8,47.35,3.075,217.51,10.58,48.34,1
STREAM-027-00,STREAM-BATCH-027,27,Severe-Out-Of-Control,875.24,124.04,3218.1,39.54,2.744,222.97,9.89,50.28,1
STREAM-027-01,STREAM-BATCH-027,27,Severe-Out-Of-Control,819.86,130.74,2998.1,40.38,2.396,223.74,10.25,44.8,1
STREAM-027-02,STREAM-BATCH-027,27,Severe-Out-Of-Control,887.32,144.96,2975.7,41.91,2.451,219.57,10.78,51.45,0
STREAM-027-03,STREAM-BATCH-027,27,Severe-Out-Of-Control,854.98,131.04,3172.2,45.69,2.728,220.97,7.74,49.67,0
STREAM-027-04,STREAM-BATCH-027,27,Severe-Out-Of-Control,847.66,119.58,3050.4,47.03,2.5,217.84,8.78,46.52,1
STREAM-027-05,STREAM-BATCH-027,27,Severe-Out-Of-Control,849.21,131.77,3303.0,45.09,2.871,222.73,10.25,45.77,1
STREAM-027-06,STREAM-BATCH-027,27,Severe-Out-Of-Control,883.93,115.92,3250.8,41.88,2.947,224.39,11.33,49.46,1
STREAM-027-07,STREAM-BATCH-027,27,Severe-Out-Of-Control,867.18,143.05,3056.5,44.97,2.983,223.58,8.35,48.39,0
STREAM-027-08,STREAM-BATCH-027,27,Severe-Out-Of-Control,867.1,142.38,3221.9,44.77,2.462,228.1,11.23,57.21,1
STREAM-027-09,STREAM-BATCH-027,27,Severe-Out-Of-Control,873.35,127.65,3009.9,46.56,2.851,223.62,9.9,45.85,1
STREAM-027-10,STREAM-BATCH-027,27,Severe-Out-Of-Control,877.39,142.01,3060.0,44.59,2.652,219.24,11.18,49.61,1
STREAM-027-11,STREAM-BATCH-027,27,Severe-Out-Of-Control,860.67,136.26,3050.0,43.87,2.328,220.39,9.52,49.08,0
STREAM-027-12,STREAM-BATCH-027,27,Severe-Out-Of-Control,876.05,139.24,3285.8,39.77,2.149,223.63,11.07,46.28,0
STREAM-027-13,STREAM-BATCH-027,27,Severe-Out-Of-Control,856.79,133.02,3215.9,44.23,2.522,226.9,9.75,50.05,1
STREAM-027-14,STREAM-BATCH-027,27,Severe-Out-Of-Control,878.01,112.37,3112.6,41.09,2.491,220.87,10.36,47.3,1
STREAM-027-15,STREAM-BATCH-027,27,Severe-Out-Of-Control,867.57,127.5,3280.3,43.86,2.791,219.04,8.24,46.34,1
STREAM-027-16,STREAM-BATCH-027,27,Severe-Out-Of-Control,887.16,132.43,2932.5,43.35,2.675,223.23,10.31,56.2,1
STREAM-027-17,STREAM-BATCH-027,27,Severe-Out-Of-Control,861.74,131.23,3108.8,41.17,2.56,220.52,9.51,54.02,0
STREAM-027-18,STREAM-BATCH-027,27,Severe-Out-Of-Control,877.68,138.64,3231.8,41.76,2.983,224.26,7.81,48.9,1
STREAM-027-19,STREAM-BATCH-027,27,Severe-Out-Of-Control,867.05,125.63,3068.3,42.37,2.627,221.85,10.82,50.12,1
STREAM-027-20,STREAM-BATCH-027,27,Severe-Out-Of-Control,877.98,135.72,3011.0,44.88,2.748,219.11,11.16,46.74,1
STREAM-027-21,STREAM-BATCH-027,27,Severe-Out-Of-Control,875.23,140.83,3122.8,41.48,3.06,221.31,10.31,46.44,1
STREAM-027-22,STREAM-BATCH-027,27,Severe-Out-Of-Control,834.77,123.18,3060.1,47.2,2.347,217.21,7.15,47.04,1
STREAM-027-23,STREAM-BATCH-027,27,Severe-Out-Of-Control,885.77,127.32,3182.4,44.56,2.598,219.77,9.94,55.92,1
STREAM-027-24,STREAM-BATCH-027,27,Severe-Out-Of-Control,871.12,130.05,2999.7,40.84,2.86,220.35,7.75,54.71,1
STREAM-028-00,STREAM-BATCH-028,28,Severe-Out-Of-Control,882.64,126.64,3105.0,44.43,3.415,228.82,11.57,46.99,1
STREAM-028-01,STREAM-BATCH-028,28,Severe-Out-Of-Control,883.22,146.07,3053.1,44.69,1.889,225.41,11.1,56.86,0
STREAM-028-02,STREAM-BATCH-028,28,Severe-Out-Of-Control,866.41,125.25,3258.2,41.01,3.145,228.51,9.8,50.5,1
STREAM-028-03,STREAM-BATCH-028,28,Severe-Out-Of-Control,854.53,142.36,3107.7,44.07,2.243,225.95,8.84,39.42,1
STREAM-028-04,STREAM-BATCH-028,28,Severe-Out-Of-Control,835.09,144.08,3028.0,44.15,2.531,222.46,7.71,54.29,1
STREAM-028-05,STREAM-BATCH-028,28,Severe-Out-Of-Control,861.5,141.07,3176.5,45.84,2.346,225.33,9.19,53.72,1
STREAM-028-06,STREAM-BATCH-028,28,Severe-Out-Of-Control,901.58,136.14,3050.3,40.42,2.455,223.84,9.17,49.71,1
STREAM-028-07,STREAM-BATCH-028,28,Severe-Out-Of-Control,856.76,109.66,3099.2,43.04,2.844,221.33,8.75,53.44,1
STREAM-028-08,STREAM-BATCH-028,28,Severe-Out-Of-Control,879.39,147.25,3244.2,42.46,2.498,227.62,8.99,52.17,1
STREAM-028-09,STREAM-BATCH-028,28,Severe-Out-Of-Control,864.01,128.18,3131.5,48.77,2.243,231.99,7.97,48.11,1
STREAM-028-10,STREAM-BATCH-028,28,Severe-Out-Of-Control,880.47,125.59,3060.7,46.99,2.878,230.46,11.03,45.99,1
STREAM-028-11,STREAM-BATCH-028,28,Severe-Out-Of-Control,871.57,135.81,3002.5,47.58,2.24,231.33,8.64,48.73,1
STREAM-028-12,STREAM-BATCH-028,28,Severe-Out-Of-Control,880.43,119.51,3275.0,46.44,2.152,226.63,10.13,47.42,0
STREAM-028-13,STREAM-BATCH-028,28,Severe-Out-Of-Control,872.47,120.45,3139.1,42.08,2.628,226.73,9.91,34.99,1
STREAM-028-14,STREAM-BATCH-028,28,Severe-Out-Of-Control,854.65,137.28,3327.4,46.52,2.095,233.69,10.75,49.96,0
STREAM-028-15,STREAM-BATCH-028,28,Severe-Out-Of-Control,878.84,107.56,3110.7,43.86,2.397,230.15,9.56,48.02,1
STREAM-028-16,STREAM-BATCH-028,28,Severe-Out-Of-Control,868.63,142.4,3360.0,45.53,2.675,231.52,9.28,49.8,1
STREAM-028-17,STREAM-BATCH-028,28,Severe-Out-Of-Control,898.36,117.61,3103.0,44.63,2.338,226.71,10.89,48.69,1
STREAM-028-18,STREAM-BATCH-028,28,Severe-Out-Of-Control,869.92,133.87,3306.1,40.7,2.38,223.4,9.61,44.57,1
STREAM-028-19,STREAM-BATCH-028,28,Severe-Out-Of-Control,829.71,136.05,2912.8,46.14,1.848,226.49,13.2,50.35,1
STREAM-028-20,STREAM-BATCH-028,28,Severe-Out-Of-Control,827.68,131.97,3166.0,48.47,2.621,228.83,9.54,44.9,0
STREAM-028-21,STREAM-BATCH-028,28,Severe-Out-Of-Control,878.95,133.24,3175.8,48.4,2.406,226.17,10.04,44.98,0
STREAM-028-22,STREAM-BATCH-028,28,Severe-Out-Of-Control,856.13,144.09,3046.3,50.39,2.747,224.02,9.31,53.4,0
STREAM-028-23,STREAM-BATCH-028,28,Severe-Out-Of-Control,860.84,132.5,3170.0,37.06,3.011,230.17,8.3,52.87,0
STREAM-028-24,STREAM-BATCH-028,28,Severe-Out-Of-Control,859.04,123.96,3253.2,43.43,2.183,226.95,10.1,50.83,0
STREAM-029-00,STREAM-BATCH-029,29,Severe-Out-Of-Control,881.37,136.85,3063.8,43.18,2.725,234.41,11.62,52.74,0
STREAM-029-01,STREAM-BATCH-029,29,Severe-Out-Of-Control,870.72,134.98,2927.3,45.75,2.235,232.29,9.69,54.16,0
STREAM-029-02,STREAM-BATCH-029,29,Severe-Out-Of-Control,867.32,131.73,3016.8,46.42,2.404,230.74,11.07,48.83,1
STREAM-029-03,STREAM-BATCH-029,29,Severe-Out-Of-Control,874.89,131.14,3334.1,44.19,2.861,235.02,9.79,46.51,0
STREAM-029-04,STREAM-BATCH-029,29,Severe-Out-Of-Control,864.27,126.2,3194.8,41.92,2.736,234.45,8.91,44.7,1
STREAM-029-05,STREAM-BATCH-029,29,Severe-Out-Of-Control,870.79,115.75,3224.1,42.39,2.226,235.41,11.06,46.78,1
STREAM-029-06,STREAM-BATCH-029,29,Severe-Out-Of-Control,872.85,136.67,3140.1,42.13,2.488,233.92,8.18,51.86,1
STREAM-029-07,STREAM-BATCH-029,29,Severe-Out-Of-Control,827.72,133.66,3084.9,45.1,2.551,238.15,9.62,49.01,1
STREAM-029-08,STREAM-BATCH-029,29,Severe-Out-Of-Control,879.68,128.37,3070.9,43.67,2.694,235.09,10.02,53.77,0
STREAM-029-09,STREAM-BATCH-029,29,Severe-Out-Of-Control,876.34,133.98,3151.1,43.15,2.412,233.03,9.76,43.83,1
STREAM-029-10,STREAM-BATCH-029,29,Severe-Out-Of-Control,859.22,128.12,3005.3,51.75,2.473,235.22,10.45,43.6,1
STREAM-029-11,STREAM-BATCH-029,29,Severe-Out-Of-Control,871.64,151.18,3054.8,43.23,2.62,237.83,9.6,41.73,1
STREAM-029-12,STREAM-BATCH-029,29,Severe-Out-Of-Control,861.55,140.16,3145.0,47.37,2.697,233.97,10.16,54.65,1
STREAM-029-13,STREAM-BATCH-029,29,Severe-Out-Of-Control,864.83,140.52,3053.7,38.65,2.745,236.53,9.04,42.07,0
STREAM-029-14,STREAM-BATCH-029,29,Severe-Out-Of-Control,885.33,106.32,3145.3,43.58,2.957,236.83,9.86,54.64,0
STREAM-029-15,STREAM-BATCH-029,29,Severe-Out-Of-Control,853.51,114.32,2925.8,45.27,2.672,233.55,9.42,46.76,1
STREAM-029-16,STREAM-BATCH-029,29,Severe-Out-Of-Control,864.75,133.78,3197.8,42.21,2.757,235.05,8.92,47.28,0
STREAM-029-17,STREAM-BATCH-029,29,Severe-Out-Of-Control,846.45,138.79,3363.3,43.06,2.258,233.33,9.9,49.86,0
STREAM-029-18,STREAM-BATCH-029,29,Severe-Out-Of-Control,866.86,148.85,3365.1,39.69,2.45,230.17,9.97,57.27,1
STREAM-029-19,STREAM-BATCH-029,29,Severe-Out-Of-Control,871.85,135.04,3142.9,45.98,2.291,233.59,10.38,51.52,1
STREAM-029-20,STREAM-BATCH-029,29,Severe-Out-Of-Control,864.68,107.56,3060.2,45.93,2.507,235.28,9.88,56.49,1
STREAM-029-21,STREAM-BATCH-029,29,Severe-Out-Of-Control,869.25,145.33,3036.6,44.23,2.907,235.74,8.65,52.01,0
STREAM-029-22,STREAM-BATCH-029,29,Severe-Out-Of-Control,860.79,135.07,3320.5,42.75,1.998,235.03,7.05,54.83,1
STREAM-029-23,STREAM-BATCH-029,29,Severe-Out-Of-Control,862.47,133.37,3284.0,42.38,3.092,238.35,9.62,47.28,1
STREAM-029-24,STREAM-BATCH-029,29,Severe-Out-Of-Control,868.36,140.19,3021.2,47.73,3.032,232.11,9.69,49.22,1
STREAM-030-00,STREAM-BATCH-030,30,Severe-Out-Of-Control,892.79,142.44,3225.4,40.79,2.242,239.8,10.48,51.02,1
STREAM-030-01,STREAM-BATCH-030,30,Severe-Out-Of-Control,858.91,136.79,3158.9,43.0,2.648,240.53,10.69,54.01,1
STREAM-030-02,STREAM-BATCH-030,30,Severe-Out-Of-Control,860.49,130.75,3279.2,46.06,2.547,242.07,7.84,51.24,0
STREAM-030-03,STREAM-BATCH-030,30,Severe-Out-Of-Control,893.67,138.47,3200.1,46.34,2.825,245.18,7.82,47.26,0
STREAM-030-04,STREAM-BATCH-030,30,Severe-Out-Of-Control,872.86,128.25,3267.9,44.54,2.272,240.61,9.34,49.54,1
STREAM-030-05,STREAM-BATCH-030,30,Severe-Out-Of-Control,856.02,139.63,3193.3,44.57,2.305,234.65,9.6,46.24,1
STREAM-030-06,STREAM-BATCH-030,30,Severe-Out-Of-Control,880.15,142.5,3191.6,42.0,2.337,242.01,7.84,53.81,1
STREAM-030-07,STREAM-BATCH-030,30,Severe-Out-Of-Control,863.98,129.97,3091.2,45.52,2.725,237.68,11.45,51.17,1
STREAM-030-08,STREAM-BATCH-030,30,Severe-Out-Of-Control,891.85,144.77,3052.4,44.43,2.352,235.84,11.44,45.71,1
STREAM-030-09,STREAM-BATCH-030,30,Severe-Out-Of-Control,873.45,140.25,3270.8,41.3,2.093,240.47,9.05,45.14,0
STREAM-030-10,STREAM-BATCH-030,30,Severe-Out-Of-Control,874.78,145.89,3108.7,43.75,2.343,235.56,9.87,46.61,1
STREAM-030-11,STREAM-BATCH-030,30,Severe-Out-Of-Control,848.71,139.4,3139.0,38.3,2.416,242.89,11.19,45.76,1
STREAM-030-12,STREAM-BATCH-030,30,Severe-Out-Of-Control,892.01,133.68,3258.8,42.36,2.678,243.48,9.02,46.96,1
STREAM-030-13,STREAM-BATCH-030,30,Severe-Out-Of-Control,854.05,137.53,3131.8,41.11,2.576,245.75,10.28,46.3,0
STREAM-030-14,STREAM-BATCH-030,30,Severe-Out-Of-Control,865.82,126.86,3299.5,41.01,2.838,239.46,7.41,47.92,1
STREAM-030-15,STREAM-BATCH-030,30,Severe-Out-Of-Control,856.49,122.73,3249.2,43.08,2.597,244.08,9.49,47.73,0
STREAM-030-16,STREAM-BATCH-030,30,Severe-Out-Of-Control,879.1,120.96,3127.0,42.85,2.666,241.42,10.19,46.99,0
STREAM-030-17,STREAM-BATCH-030,30,Severe-Out-Of-Control,880.67,135.7,3366.8,44.07,1.977,238.48,9.8,45.28,1
STREAM-030-18,STREAM-BATCH-030,30,Severe-Out-Of-Control,879.73,122.34,3174.0,42.5,2.81,241.29,10.56,52.99,1
STREAM-030-19,STREAM-BATCH-030,30,Severe-Out-Of-Control,847.53,129.69,3293.8,45.44,2.582,245.3,10.16,47.86,1
STREAM-030-20,STREAM-BATCH-030,30,Severe-Out-Of-Control,878.03,151.8,3336.4,36.96,2.937,240.14,9.0,57.45,0
STREAM-030-21,STREAM-BATCH-030,30,Severe-Out-Of-Control,856.73,121.67,2931.2,50.3,2.774,242.09,9.99,50.55,0
STREAM-030-22,STREAM-BATCH-030,30,Severe-Out-Of-Control,887.36,136.64,3294.9,43.06,2.591,246.92,10.75,49.52,1
STREAM-030-23,STREAM-BATCH-030,30,Severe-Out-Of-Control,882.02,106.68,2925.9,36.59,2.764,242.06,9.53,45.14,0
STREAM-030-24,STREAM-BATCH-030,30,Severe-Out-Of-Control,851.47,125.77,2855.2,41.89,2.468,237.85,9.74,45.57,1
